File Name,Hash MD5,Hash SHA1,Directory,File Type,Magic Bytes
File052,A978B63E14D67B4D8A9625655ADB3838,2AEBFA2CCE4C9A5498DC9541BEE9CB27CCE887AB,C:\Forensics\Tools\MP1\malware_samples,JPEG-JFIF,FF D8 FF E0 00 10 4A 46 49 46 00 01 01 00 00 01...
File052,A978B63E14D67B4D8A9625655ADB3838,2AEBFA2CCE4C9A5498DC9541BEE9CB27CCE887AB,E:\Users\dchoi\Documents\File,JPEG-JFIF,FF D8 FF E0 00 10 4A 46 49 46 00 01 01 00 00 01...
File053,B7BBBB113E2913B4D54D17B47EC11308,E7840553B64FAD9BAB39E0C5A138E21A18D313EE,C:\Forensics\Tools\MP1\malware_samples,JPEG-JFIF,FF D8 FF E0 00 10 4A 46 49 46 00 01 01 00 00 01...
File053,B7BBBB113E2913B4D54D17B47EC11308,E7840553B64FAD9BAB39E0C5A138E21A18D313EE,E:\Users\dchoi\Documents\File,JPEG-JFIF,FF D8 FF E0 00 10 4A 46 49 46 00 01 01 00 00 01...
File073,614CF260D4D13D5FFB6F947CC806D671,8082D965F637E78065D417DCF7C42915E7CBB988,C:\Forensics\Tools\MP1\malware_samples,JPEG-JFIF,FF D8 FF E0 00 10 4A 46 49 46 00 01 01 00 00 01...
File073,614CF260D4D13D5FFB6F947CC806D671,8082D965F637E78065D417DCF7C42915E7CBB988,E:\Users\dchoi\Documents\File,JPEG-JFIF,FF D8 FF E0 00 10 4A 46 49 46 00 01 01 00 00 01...
File078,2431F8E75577A0E57896D66782CB9890,11DF096F561DCF067384125730EA9C354217ABEF,C:\Forensics\Tools\MP1\malware_samples,JPEG-JFIF,FF D8 FF E0 00 10 4A 46 49 46 00 01 01 00 00 01...
File078,2431F8E75577A0E57896D66782CB9890,11DF096F561DCF067384125730EA9C354217ABEF,E:\Users\dchoi\Documents\File,JPEG-JFIF,FF D8 FF E0 00 10 4A 46 49 46 00 01 01 00 00 01...
File089,905363C4ABD5F39BC6F98FF3E25B0281,3EEA1966F23AC6499D0CB9A013A1D14FA1919FCA,C:\Forensics\Tools\MP1\malware_samples,JPEG-JFIF,FF D8 FF E0 00 10 4A 46 49 46 00 01 01 00 00 01...
File089,905363C4ABD5F39BC6F98FF3E25B0281,3EEA1966F23AC6499D0CB9A013A1D14FA1919FCA,E:\Users\dchoi\Documents\File,JPEG-JFIF,FF D8 FF E0 00 10 4A 46 49 46 00 01 01 00 00 01...
File090,3E736F0149FAED08B112E43245750AA8,20C0B1492E950B392BF8088F673A5BB9072983CC,C:\Forensics\Tools\MP1\malware_samples,JPEG-JFIF,FF D8 FF E0 00 10 4A 46 49 46 00 01 01 00 00 01...
File090,3E736F0149FAED08B112E43245750AA8,20C0B1492E950B392BF8088F673A5BB9072983CC,E:\Users\dchoi\Documents\File,JPEG-JFIF,FF D8 FF E0 00 10 4A 46 49 46 00 01 01 00 00 01...
File107,62B5F962AB419A0E7D39693A47F6F8CF,85F3663B76B7A5CF7A6A7509C92BFBFFC574A15F,C:\Forensics\Tools\MP1\malware_samples,JPEG-JFIF,FF D8 FF E0 00 10 4A 46 49 46 00 01 01 00 00 01...
File107,62B5F962AB419A0E7D39693A47F6F8CF,85F3663B76B7A5CF7A6A7509C92BFBFFC574A15F,E:\Users\dchoi\Documents\File,JPEG-JFIF,FF D8 FF E0 00 10 4A 46 49 46 00 01 01 00 00 01...
File113,8019C9631F622DE19C81A3E19DF8B4ED,EB7D1A333BC894FB8C1A9AFA2F70768246F9FA0C,C:\Forensics\Tools\MP1\malware_samples,JPEG-JFIF,FF D8 FF E0 00 10 4A 46 49 46 00 01 01 00 00 01...
File113,8019C9631F622DE19C81A3E19DF8B4ED,EB7D1A333BC894FB8C1A9AFA2F70768246F9FA0C,E:\Users\dchoi\Documents\File,JPEG-JFIF,FF D8 FF E0 00 10 4A 46 49 46 00 01 01 00 00 01...
File124,D2183BC6BC61647833E480DF21079DF5,EEB2D7A4366130E5523204E5E85832C7A0B2D5BE,C:\Forensics\Tools\MP1\malware_samples,JPEG-JFIF,FF D8 FF E0 00 10 4A 46 49 46 00 01 01 00 00 01...
File124,D2183BC6BC61647833E480DF21079DF5,EEB2D7A4366130E5523204E5E85832C7A0B2D5BE,E:\Users\dchoi\Documents\File,JPEG-JFIF,FF D8 FF E0 00 10 4A 46 49 46 00 01 01 00 00 01...
File127,07167ED9288A6FB574BBB0AD229BF1B0,CE30A350E536AD0AE9AF5F625A0213D6FBDD8E6B,C:\Forensics\Tools\MP1\malware_samples,JPEG-JFIF,FF D8 FF E0 00 10 4A 46 49 46 00 01 01 00 00 01...
File127,07167ED9288A6FB574BBB0AD229BF1B0,CE30A350E536AD0AE9AF5F625A0213D6FBDD8E6B,E:\Users\dchoi\Documents\File,JPEG-JFIF,FF D8 FF E0 00 10 4A 46 49 46 00 01 01 00 00 01...
File133,89E432C568ECD36D5136CE58C923EB9A,0D7E846937431043925526E882E17CA758ADB83D,C:\Forensics\Tools\MP1\malware_samples,JPEG-JFIF,FF D8 FF E0 00 10 4A 46 49 46 00 01 01 00 00 01...
File133,89E432C568ECD36D5136CE58C923EB9A,0D7E846937431043925526E882E17CA758ADB83D,E:\Users\dchoi\Documents\File,JPEG-JFIF,FF D8 FF E0 00 10 4A 46 49 46 00 01 01 00 00 01...
File140,F83E3FD9B34363578C2128DC3EAC6F01,64D091AD38F3289DCDAAC720635577F1FABBCEA6,C:\Forensics\Tools\MP1\malware_samples,JPEG-JFIF,FF D8 FF E0 00 10 4A 46 49 46 00 01 01 00 00 01...
File140,F83E3FD9B34363578C2128DC3EAC6F01,64D091AD38F3289DCDAAC720635577F1FABBCEA6,E:\Users\dchoi\Documents\File,JPEG-JFIF,FF D8 FF E0 00 10 4A 46 49 46 00 01 01 00 00 01...
File152,D647F67138863D8BF85B246774392709,C5EEC9EC4683F0EAFA40897A37D7D88B52FC21A6,C:\Forensics\Tools\MP1\malware_samples,JPEG-JFIF,FF D8 FF E0 00 10 4A 46 49 46 00 01 01 00 00 01...
File152,D647F67138863D8BF85B246774392709,C5EEC9EC4683F0EAFA40897A37D7D88B52FC21A6,E:\Users\dchoi\Documents\File,JPEG-JFIF,FF D8 FF E0 00 10 4A 46 49 46 00 01 01 00 00 01...
File163,0691B1534A7B7DFA1F311471D386D105,68623A4E28D08D0DE4E03B9089981C77563D58BA,C:\Forensics\Tools\MP1\malware_samples,JPEG-JFIF,FF D8 FF E0 00 10 4A 46 49 46 00 01 01 00 00 01...
File163,0691B1534A7B7DFA1F311471D386D105,68623A4E28D08D0DE4E03B9089981C77563D58BA,E:\Users\dchoi\Documents\File,JPEG-JFIF,FF D8 FF E0 00 10 4A 46 49 46 00 01 01 00 00 01...
File205,EAE001E9A70C97BB5A2E6F17849C1D12,72CC668B05BAC25159EE0198CE375B4358AB375C,C:\Forensics\Tools\MP1\malware_samples,JPEG-JFIF,FF D8 FF E0 00 10 4A 46 49 46 00 01 01 00 00 01...
File205,EAE001E9A70C97BB5A2E6F17849C1D12,72CC668B05BAC25159EE0198CE375B4358AB375C,E:\Users\dchoi\Documents\File,JPEG-JFIF,FF D8 FF E0 00 10 4A 46 49 46 00 01 01 00 00 01...
File214,3938BAAA0BB6E35E2420178DB164CB3D,03AD96E61CF716FF65919902D92C5CFF197EEE2F,C:\Forensics\Tools\MP1\malware_samples,JPEG-JFIF,FF D8 FF E0 00 10 4A 46 49 46 00 01 01 00 00 01...
File214,3938BAAA0BB6E35E2420178DB164CB3D,03AD96E61CF716FF65919902D92C5CFF197EEE2F,E:\Users\dchoi\Documents\File,JPEG-JFIF,FF D8 FF E0 00 10 4A 46 49 46 00 01 01 00 00 01...
File219,E87DECF883153221F84D73F70BB2F53B,043296334C60C14C8BE4FCE8B1A4BB962847581A,C:\Forensics\Tools\MP1\malware_samples,JPEG-EXIF,FF D8 FF E0 00 10 45 58 49 46 00 01 01 00 00 01...
File219,E87DECF883153221F84D73F70BB2F53B,043296334C60C14C8BE4FCE8B1A4BB962847581A,E:\Users\dchoi\Documents\File,JPEG-EXIF,FF D8 FF E0 00 10 45 58 49 46 00 01 01 00 00 01...
File045,6D8F6F9F0DF51F804F0D9E706373D881,1A4AC39BADD635BB1A9E764A70E72FA901B3C98D,C:\Forensics\Tools\MP1\malware_samples,JPEG-APP1,FF D8 FF E1 00 10 4A 46 49 46 00 01 01 00 00 01...
File045,6D8F6F9F0DF51F804F0D9E706373D881,1A4AC39BADD635BB1A9E764A70E72FA901B3C98D,E:\Users\dchoi\Documents\File,JPEG-APP1,FF D8 FF E1 00 10 4A 46 49 46 00 01 01 00 00 01...
File143,CEF114C5875BA465FBDCB7DC7B297A42,B0E30D82001184E7373B2576FC229609046F104F,C:\Forensics\Tools\MP1\malware_samples,JPEG,FF D8 FF 00 00 00 0D 49 48 44 52 00 00 03 88 00...
File143,CEF114C5875BA465FBDCB7DC7B297A42,B0E30D82001184E7373B2576FC229609046F104F,E:\Users\dchoi\Documents\File,JPEG,FF D8 FF 00 00 00 0D 49 48 44 52 00 00 03 88 00...
File009,DCFF3B11DA469DAB3029D65B9A9A026D,08C81C41B9BBA9EC78F908A770A2144DDCA93AB3,C:\Forensics\Tools\MP1\malware_samples,PNG,89 50 4E 47 0D 0A 1A 0A 00 00 00 0D 49 48 44 52...
File009,DCFF3B11DA469DAB3029D65B9A9A026D,08C81C41B9BBA9EC78F908A770A2144DDCA93AB3,E:\Users\dchoi\Documents\File,PNG,89 50 4E 47 0D 0A 1A 0A 00 00 00 0D 49 48 44 52...
File019,9D5089314E21BB5001C52CB6228D9E0A,AC7B220CBE0494F89CE685D7CBED849F2F992B73,C:\Forensics\Tools\MP1\malware_samples,PNG,89 50 4E 47 0D 0A 1A 0A 00 00 00 0D 49 48 44 52...
File019,9D5089314E21BB5001C52CB6228D9E0A,AC7B220CBE0494F89CE685D7CBED849F2F992B73,E:\Users\dchoi\Documents\File,PNG,89 50 4E 47 0D 0A 1A 0A 00 00 00 0D 49 48 44 52...
File036,A272E6B746211B62152DB107C265EC14,9720F66F73DCBE0AB836B55ED8E8CA6FF343744A,C:\Forensics\Tools\MP1\malware_samples,PNG,89 50 4E 47 0D 0A 1A 0A 00 00 00 0D 49 48 44 52...
File036,A272E6B746211B62152DB107C265EC14,9720F66F73DCBE0AB836B55ED8E8CA6FF343744A,E:\Users\dchoi\Documents\File,PNG,89 50 4E 47 0D 0A 1A 0A 00 00 00 0D 49 48 44 52...
File041,6F821E51B6C6F33E1768187DDD1FBA46,9D978CFBBE2DB83AA8C852EC6955DDBF1969E504,C:\Forensics\Tools\MP1\malware_samples,PNG,89 50 4E 47 0D 0A 1A 0A 00 00 00 0D 49 48 44 52...
File041,6F821E51B6C6F33E1768187DDD1FBA46,9D978CFBBE2DB83AA8C852EC6955DDBF1969E504,E:\Users\dchoi\Documents\File,PNG,89 50 4E 47 0D 0A 1A 0A 00 00 00 0D 49 48 44 52...
File059,EBC5F89869F7306FE420CA02A9677F9F,D8096C532AB21C705C08DE6304672F2A0E6DEF72,C:\Forensics\Tools\MP1\malware_samples,PNG,89 50 4E 47 0D 0A 1A 0A 00 00 00 0D 49 48 44 52...
File059,EBC5F89869F7306FE420CA02A9677F9F,D8096C532AB21C705C08DE6304672F2A0E6DEF72,E:\Users\dchoi\Documents\File,PNG,89 50 4E 47 0D 0A 1A 0A 00 00 00 0D 49 48 44 52...
File068,4F81B658E6CC40FBF7C4664E14B24A29,6DC6D6C0568F695A24A42FCEDFCB2409AA550654,C:\Forensics\Tools\MP1\malware_samples,PNG,89 50 4E 47 0D 0A 1A 0A 00 00 00 0D 49 48 44 52...
File068,4F81B658E6CC40FBF7C4664E14B24A29,6DC6D6C0568F695A24A42FCEDFCB2409AA550654,E:\Users\dchoi\Documents\File,PNG,89 50 4E 47 0D 0A 1A 0A 00 00 00 0D 49 48 44 52...
File070,4EFFB217CA55D93BB55192693EF0EE9C,72ACAA872934217C3FC370C361A21E22853C6565,C:\Forensics\Tools\MP1\malware_samples,PNG,89 50 4E 47 0D 0A 1A 0A 00 00 00 0D 49 48 44 52...
File070,4EFFB217CA55D93BB55192693EF0EE9C,72ACAA872934217C3FC370C361A21E22853C6565,E:\Users\dchoi\Documents\File,PNG,89 50 4E 47 0D 0A 1A 0A 00 00 00 0D 49 48 44 52...
File072,5956A153B3144E3256047AB8EEAD83E5,463C9C107E470C360E75F5E7E569BD6C3A4AE9E1,C:\Forensics\Tools\MP1\malware_samples,PNG,89 50 4E 47 0D 0A 1A 0A 00 00 00 0D 49 48 44 52...
File072,5956A153B3144E3256047AB8EEAD83E5,463C9C107E470C360E75F5E7E569BD6C3A4AE9E1,E:\Users\dchoi\Documents\File,PNG,89 50 4E 47 0D 0A 1A 0A 00 00 00 0D 49 48 44 52...
File098,E23A82888FF953E592C9935F447348E7,78146598CDD205E741B122CF067352B1D7EC9CB7,C:\Forensics\Tools\MP1\malware_samples,PNG,89 50 4E 47 0D 0A 1A 0A 00 00 00 0D 49 48 44 52...
File098,E23A82888FF953E592C9935F447348E7,78146598CDD205E741B122CF067352B1D7EC9CB7,E:\Users\dchoi\Documents\File,PNG,89 50 4E 47 0D 0A 1A 0A 00 00 00 0D 49 48 44 52...
File105,2E8F9DD9EACB56032B79A06250E949A6,1F7D9C86DF7456E49EA0BC11E8A6A86C4C07923C,C:\Forensics\Tools\MP1\malware_samples,PNG,89 50 4E 47 0D 0A 1A 0A 00 00 00 0D 49 48 44 52...
File105,2E8F9DD9EACB56032B79A06250E949A6,1F7D9C86DF7456E49EA0BC11E8A6A86C4C07923C,E:\Users\dchoi\Documents\File,PNG,89 50 4E 47 0D 0A 1A 0A 00 00 00 0D 49 48 44 52...
File108,2083B7845475C50F4D3D0CE43ABDDF47,90F76C4EEFB5140ED52E3CB09AA9DAFE54E90501,C:\Forensics\Tools\MP1\malware_samples,PNG,89 50 4E 47 0D 0A 1A 0A 00 00 00 0D 49 48 44 52...
File108,2083B7845475C50F4D3D0CE43ABDDF47,90F76C4EEFB5140ED52E3CB09AA9DAFE54E90501,E:\Users\dchoi\Documents\File,PNG,89 50 4E 47 0D 0A 1A 0A 00 00 00 0D 49 48 44 52...
File125,B4EB8E22A873E2BFF9A2C056C20DA979,E182A3A956D31CF17EAE094508ECDA51BDF0F9B3,C:\Forensics\Tools\MP1\malware_samples,PNG,89 50 4E 47 0D 0A 1A 0A 00 00 00 0D 49 48 44 52...
File125,B4EB8E22A873E2BFF9A2C056C20DA979,E182A3A956D31CF17EAE094508ECDA51BDF0F9B3,E:\Users\dchoi\Documents\File,PNG,89 50 4E 47 0D 0A 1A 0A 00 00 00 0D 49 48 44 52...
File126,EFF3A759AB08C2C95FDBA8C3CDE7C1F8,2515298C9AC3310C0EDADA1F005041B1DACC8750,C:\Forensics\Tools\MP1\malware_samples,PNG,89 50 4E 47 0D 0A 1A 0A 00 00 00 0D 49 48 44 52...
File126,EFF3A759AB08C2C95FDBA8C3CDE7C1F8,2515298C9AC3310C0EDADA1F005041B1DACC8750,E:\Users\dchoi\Documents\File,PNG,89 50 4E 47 0D 0A 1A 0A 00 00 00 0D 49 48 44 52...
File184,EDF9FD64840ACA234A2CF40ACD08026D,6FAEA83B19C6CBD392ABE6DF9C6FC0D10570D67B,C:\Forensics\Tools\MP1\malware_samples,PNG,89 50 4E 47 0D 0A 1A 0A 00 00 00 0D 49 48 44 52...
File184,EDF9FD64840ACA234A2CF40ACD08026D,6FAEA83B19C6CBD392ABE6DF9C6FC0D10570D67B,E:\Users\dchoi\Documents\File,PNG,89 50 4E 47 0D 0A 1A 0A 00 00 00 0D 49 48 44 52...
File190,2EBE5A3B54F71E08D247AAACD9536FC7,AEF536BA6DD1C9F499815A869340642F8A1A7D2A,C:\Forensics\Tools\MP1\malware_samples,PNG,89 50 4E 47 0D 0A 1A 0A 00 00 00 0D 49 48 44 52...
File190,2EBE5A3B54F71E08D247AAACD9536FC7,AEF536BA6DD1C9F499815A869340642F8A1A7D2A,E:\Users\dchoi\Documents\File,PNG,89 50 4E 47 0D 0A 1A 0A 00 00 00 0D 49 48 44 52...
File218,BB84661AF617931BA5B294A8737C421D,76A256F4DDD4584F562AF45A06BA9952434D1671,C:\Forensics\Tools\MP1\malware_samples,PNG,89 50 4E 47 0D 0A 1A 0A 00 00 00 0D 49 48 44 52...
File218,BB84661AF617931BA5B294A8737C421D,76A256F4DDD4584F562AF45A06BA9952434D1671,E:\Users\dchoi\Documents\File,PNG,89 50 4E 47 0D 0A 1A 0A 00 00 00 0D 49 48 44 52...
File008,75C7E160E5E35D778DF5907C2C94DBD0,8A8B3C46FF4CB34085DE75C055C43F3CC043CC1C,C:\Forensics\Tools\MP1\malware_samples,MODIFIED-PNG,89 50 4E 47 0D 0A 1A 0A 00 00 00 0D 4C 45 4E 5A...
File008,75C7E160E5E35D778DF5907C2C94DBD0,8A8B3C46FF4CB34085DE75C055C43F3CC043CC1C,E:\Users\dchoi\Documents\File,MODIFIED-PNG,89 50 4E 47 0D 0A 1A 0A 00 00 00 0D 4C 45 4E 5A...
File069,314DE58BA4408E243FC5E7F691014C26,96DEB65CD007CBCF829B7FF81E5629B03CD87907,C:\Forensics\Tools\MP1\malware_samples,MODIFIED-PNG,89 50 4E 47 0D 0A 1A 0A E0 00 10 4A 46 49 46 00...
File069,314DE58BA4408E243FC5E7F691014C26,96DEB65CD007CBCF829B7FF81E5629B03CD87907,E:\Users\dchoi\Documents\File,MODIFIED-PNG,89 50 4E 47 0D 0A 1A 0A E0 00 10 4A 46 49 46 00...
File084,0003F23EB36CF0145BB82E108295B143,C514B8F17C465EF3D259D44BA6AF4295B568F802,C:\Forensics\Tools\MP1\malware_samples,PDF-1.3,25 50 44 46 2D 31 2E 33 0A 25 E2 E3 CF D3 0A 31...
File084,0003F23EB36CF0145BB82E108295B143,C514B8F17C465EF3D259D44BA6AF4295B568F802,E:\Users\dchoi\Documents\File,PDF-1.3,25 50 44 46 2D 31 2E 33 0A 25 E2 E3 CF D3 0A 31...
File114,9B702A3A329410A22D2877816ECE84C5,83E2B181AD279115050E23BCE261DDD082F1B650,C:\Forensics\Tools\MP1\malware_samples,PDF-1.3,25 50 44 46 2D 31 2E 33 0A 25 E2 E3 CF D3 0A 31...
File114,9B702A3A329410A22D2877816ECE84C5,83E2B181AD279115050E23BCE261DDD082F1B650,E:\Users\dchoi\Documents\File,PDF-1.3,25 50 44 46 2D 31 2E 33 0A 25 E2 E3 CF D3 0A 31...
File129,321AE2C8CCC6A16073C16910EC598891,C0EC1FDF59C40D422A2FC1D63BC7FB23C845DB7A,C:\Forensics\Tools\MP1\malware_samples,PDF-1.3,25 50 44 46 2D 31 2E 33 0A 25 E2 E3 CF D3 0A 31...
File129,321AE2C8CCC6A16073C16910EC598891,C0EC1FDF59C40D422A2FC1D63BC7FB23C845DB7A,E:\Users\dchoi\Documents\File,PDF-1.3,25 50 44 46 2D 31 2E 33 0A 25 E2 E3 CF D3 0A 31...
File209,76909CEA13B5097B22A7FAA800652758,FC407E7E35AB2470CC9228BACC41394A169A6FD5,C:\Forensics\Tools\MP1\malware_samples,PDF-1.3,25 50 44 46 2D 31 2E 33 0A 25 E2 E3 CF D3 0A 31...
File209,76909CEA13B5097B22A7FAA800652758,FC407E7E35AB2470CC9228BACC41394A169A6FD5,E:\Users\dchoi\Documents\File,PDF-1.3,25 50 44 46 2D 31 2E 33 0A 25 E2 E3 CF D3 0A 31...
File103,1F6D1BBA0572B67079CE8B19F66377F4,310D4F9892781915A9B1A06BE70A145E13089B8A,C:\Forensics\Tools\MP1\malware_samples,PDF-1.4,25 50 44 46 2D 31 2E 34 0A 25 F6 E4 FC DF 0A 31...
File103,1F6D1BBA0572B67079CE8B19F66377F4,310D4F9892781915A9B1A06BE70A145E13089B8A,E:\Users\dchoi\Documents\File,PDF-1.4,25 50 44 46 2D 31 2E 34 0A 25 F6 E4 FC DF 0A 31...
File182,ADC7A2CDDBFA9080DF9A9BCE33153410,7774FD6A224C351C149D5DB71D5C40FCFA762BF1,C:\Forensics\Tools\MP1\malware_samples,PDF-1.4,25 50 44 46 2D 31 2E 34 0D 25 E2 E3 CF D3 0D 0A...
File182,ADC7A2CDDBFA9080DF9A9BCE33153410,7774FD6A224C351C149D5DB71D5C40FCFA762BF1,E:\Users\dchoi\Documents\File,PDF-1.4,25 50 44 46 2D 31 2E 34 0D 25 E2 E3 CF D3 0D 0A...
File018,5BD7A1B4904ACC6280E2C1924A627860,2881A4E443A0AAB7839BDF5647E9438AFBE8BF24,C:\Forensics\Tools\MP1\malware_samples,PDF-1.5,25 50 44 46 2D 31 2E 35 0A 25 F6 E4 FC DF 0A 31...
File018,5BD7A1B4904ACC6280E2C1924A627860,2881A4E443A0AAB7839BDF5647E9438AFBE8BF24,E:\Users\dchoi\Documents\File,PDF-1.5,25 50 44 46 2D 31 2E 35 0A 25 F6 E4 FC DF 0A 31...
File123,BD0EA60D14EEA5566361109DC08AF4AE,E84D7EEDCE3C34193739AB5F41AF545A56467971,C:\Forensics\Tools\MP1\malware_samples,PDF-1.5,25 50 44 46 2D 31 2E 35 0D 0A 25 B5 B5 B5 B5 0D...
File123,BD0EA60D14EEA5566361109DC08AF4AE,E84D7EEDCE3C34193739AB5F41AF545A56467971,E:\Users\dchoi\Documents\File,PDF-1.5,25 50 44 46 2D 31 2E 35 0D 0A 25 B5 B5 B5 B5 0D...
File132,D0787C3CA7AAB644472E1A015C23597C,7C0EFA4720977994DF80DA127D1F3FD7F278D197,C:\Forensics\Tools\MP1\malware_samples,PDF-1.6,25 50 44 46 2D 31 2E 36 0D 25 E2 E3 CF D3 0D 0A...
File132,D0787C3CA7AAB644472E1A015C23597C,7C0EFA4720977994DF80DA127D1F3FD7F278D197,E:\Users\dchoi\Documents\File,PDF-1.6,25 50 44 46 2D 31 2E 36 0D 25 E2 E3 CF D3 0D 0A...
File022,DC76BAC39B0B05024C5DC4E167430170,994BDDFD345637AE2ABCDD587FE884CCEE627104,C:\Forensics\Tools\MP1\malware_samples,PDF-1.7,25 50 44 46 2D 31 2E 37 0A 25 F6 E4 FC DF 0A 31...
File022,DC76BAC39B0B05024C5DC4E167430170,994BDDFD345637AE2ABCDD587FE884CCEE627104,E:\Users\dchoi\Documents\File,PDF-1.7,25 50 44 46 2D 31 2E 37 0A 25 F6 E4 FC DF 0A 31...
File066,597122E0437A3753B00487694F30DE80,A99F8441C9DC40CE170C0B7E129CAFF0EE4206EA,C:\Forensics\Tools\MP1\malware_samples,PDF-1.7,25 50 44 46 2D 31 2E 37 0A 25 E2 E3 CF D3 0A 36...
File066,597122E0437A3753B00487694F30DE80,A99F8441C9DC40CE170C0B7E129CAFF0EE4206EA,E:\Users\dchoi\Documents\File,PDF-1.7,25 50 44 46 2D 31 2E 37 0A 25 E2 E3 CF D3 0A 36...
File135,14CA718FD2C6718E4A31472DA950627A,363E3FB566EE15D4F4A5C35CEEFBD5D1A5343F03,C:\Forensics\Tools\MP1\malware_samples,PDF-1.7,25 50 44 46 2D 31 2E 37 0D 25 E2 E3 CF D3 0D 0A...
File135,14CA718FD2C6718E4A31472DA950627A,363E3FB566EE15D4F4A5C35CEEFBD5D1A5343F03,E:\Users\dchoi\Documents\File,PDF-1.7,25 50 44 46 2D 31 2E 37 0D 25 E2 E3 CF D3 0D 0A...
File138,302B502D4E62CE9364D06014E544C095,418BACA3E862279DD832D4489D6A82D8665168BA,C:\Forensics\Tools\MP1\malware_samples,PDF-1.7,25 50 44 46 2D 31 2E 37 0A 25 E2 E3 CF D3 0A 31...
File138,302B502D4E62CE9364D06014E544C095,418BACA3E862279DD832D4489D6A82D8665168BA,E:\Users\dchoi\Documents\File,PDF-1.7,25 50 44 46 2D 31 2E 37 0A 25 E2 E3 CF D3 0A 31...
File156,8E984F349C1855D2AC331A822F548DDD,A8A0DA335BC884D7C7314719036F326C92233995,C:\Forensics\Tools\MP1\malware_samples,PDF-1.7,25 50 44 46 2D 31 2E 37 0A 25 F6 E4 FC DF 0A 31...
File156,8E984F349C1855D2AC331A822F548DDD,A8A0DA335BC884D7C7314719036F326C92233995,E:\Users\dchoi\Documents\File,PDF-1.7,25 50 44 46 2D 31 2E 37 0A 25 F6 E4 FC DF 0A 31...
File199,FD3900A6C106515C2DB20B09720C7B3D,CF4CFBF3C7F8DB99BEDB4B58242B5A93F2E24408,C:\Forensics\Tools\MP1\malware_samples,PDF-1.7,25 50 44 46 2D 31 2E 37 0D 0A 25 B5 B5 B5 B5 0D...
File199,FD3900A6C106515C2DB20B09720C7B3D,CF4CFBF3C7F8DB99BEDB4B58242B5A93F2E24408,E:\Users\dchoi\Documents\File,PDF-1.7,25 50 44 46 2D 31 2E 37 0D 0A 25 B5 B5 B5 B5 0D...
api-ms-win-core-datetime-l1-1-1.dll,7D0690A235298519FDC912928F0333EF,D2AFFE98FCB0A0C473CA5756C3687A246B642BB3,E:\Windows\SysWOW64\downlevel,EXE,4D 5A 90 00 03 00 00 00 04 00 00 00 FF FF 00 00...
api-ms-win-core-datetime-l1-1-1.dll,7D0690A235298519FDC912928F0333EF,D2AFFE98FCB0A0C473CA5756C3687A246B642BB3,E:\Windows\WinSxS\x86_microsoft-windows-m..namespace-downlevel_31bf3856ad364e35_10.0.18362.1_none_3da3af2845f54b85,EXE,4D 5A 90 00 03 00 00 00 04 00 00 00 FF FF 00 00...
api-ms-win-core-memory-l1-1-1.dll,12961A8D12E77FC9B66345B80456F7FE,EC320D7A73DCF97B4B4FCB6E764A238A318E38C4,E:\Windows\SysWOW64\downlevel,EXE,4D 5A 90 00 03 00 00 00 04 00 00 00 FF FF 00 00...
api-ms-win-core-memory-l1-1-1.dll,12961A8D12E77FC9B66345B80456F7FE,EC320D7A73DCF97B4B4FCB6E764A238A318E38C4,E:\Windows\WinSxS\x86_microsoft-windows-m..namespace-downlevel_31bf3856ad364e35_10.0.18362.1_none_3da3af2845f54b85,EXE,4D 5A 90 00 03 00 00 00 04 00 00 00 FF FF 00 00...
api-ms-win-core-registry-l1-1-0.dll,B022E52FAE3EA7DA7B43C8E80CA646A9,CC1FAB36EE81C119AAE9856EBEA2E1735A309B30,E:\Windows\SysWOW64\downlevel,EXE,4D 5A 90 00 03 00 00 00 04 00 00 00 FF FF 00 00...
api-ms-win-core-registry-l1-1-0.dll,B022E52FAE3EA7DA7B43C8E80CA646A9,CC1FAB36EE81C119AAE9856EBEA2E1735A309B30,E:\Windows\WinSxS\x86_microsoft-windows-m..namespace-downlevel_31bf3856ad364e35_10.0.18362.1_none_3da3af2845f54b85,EXE,4D 5A 90 00 03 00 00 00 04 00 00 00 FF FF 00 00...
api-ms-win-core-timezone-l1-1-0.dll,08422E540F71AFBF8895440DBCE80AA4,22F690F251032776E47565D46F3285C4011695BD,E:\Windows\SysWOW64\downlevel,EXE,4D 5A 90 00 03 00 00 00 04 00 00 00 FF FF 00 00...
api-ms-win-core-timezone-l1-1-0.dll,08422E540F71AFBF8895440DBCE80AA4,22F690F251032776E47565D46F3285C4011695BD,E:\Windows\WinSxS\x86_microsoft-windows-m..namespace-downlevel_31bf3856ad364e35_10.0.18362.1_none_3da3af2845f54b85,EXE,4D 5A 90 00 03 00 00 00 04 00 00 00 FF FF 00 00...
api-ms-win-core-version-l1-1-0.dll,74A4B714C851DE93C773B1772A40807D,48506056F569A40EE28155C507E3578AF5EA4579,E:\Windows\SysWOW64\downlevel,EXE,4D 5A 90 00 03 00 00 00 04 00 00 00 FF FF 00 00...
api-ms-win-core-version-l1-1-0.dll,74A4B714C851DE93C773B1772A40807D,48506056F569A40EE28155C507E3578AF5EA4579,E:\Windows\WinSxS\x86_microsoft-windows-m..namespace-downlevel_31bf3856ad364e35_10.0.18362.1_none_b1d1ec2d5a8d1113,EXE,4D 5A 90 00 03 00 00 00 04 00 00 00 FF FF 00 00...
api-ms-win-core-xstate-l1-1-0.dll,F0C3B5B14D0B5C1420D1E22F3585F4C3,CDE069A5CBC8BDEFCFF8A67DCF26538CF35EB99B,E:\Windows\SysWOW64\downlevel,EXE,4D 5A 90 00 03 00 00 00 04 00 00 00 FF FF 00 00...
api-ms-win-core-xstate-l1-1-0.dll,F0C3B5B14D0B5C1420D1E22F3585F4C3,CDE069A5CBC8BDEFCFF8A67DCF26538CF35EB99B,E:\Windows\WinSxS\x86_microsoft-windows-m..namespace-downlevel_31bf3856ad364e35_10.0.18362.1_none_3da3af2845f54b85,EXE,4D 5A 90 00 03 00 00 00 04 00 00 00 FF FF 00 00...
File001,7D0690A235298519FDC912928F0333EF,D2AFFE98FCB0A0C473CA5756C3687A246B642BB3,C:\Forensics\Tools\MP1\malware_samples,EXE,4D 5A 90 00 03 00 00 00 04 00 00 00 FF FF 00 00...
File001,7D0690A235298519FDC912928F0333EF,D2AFFE98FCB0A0C473CA5756C3687A246B642BB3,E:\Users\dchoi\Documents\File,EXE,4D 5A 90 00 03 00 00 00 04 00 00 00 FF FF 00 00...
File005,8AF314B532681AA2A272543E89BC1EEB,7E68DBA9FA672D5EDE7E787E5C568A4FF2A789C0,C:\Forensics\Tools\MP1\malware_samples,EXE,4D 5A 90 00 03 00 00 00 04 00 00 00 FF FF 00 00...
File005,8AF314B532681AA2A272543E89BC1EEB,7E68DBA9FA672D5EDE7E787E5C568A4FF2A789C0,E:\Users\dchoi\Documents\File,EXE,4D 5A 90 00 03 00 00 00 04 00 00 00 FF FF 00 00...
File024,371DE9CF8B4B2520AB224038F0E6B9A5,6D2054702BDAE5168522981080051E39DA3291E1,C:\Forensics\Tools\MP1\malware_samples,EXE,4D 5A 90 00 03 00 00 00 04 00 00 00 FF FF 00 00...
File024,371DE9CF8B4B2520AB224038F0E6B9A5,6D2054702BDAE5168522981080051E39DA3291E1,E:\Users\dchoi\Documents\File,EXE,4D 5A 90 00 03 00 00 00 04 00 00 00 FF FF 00 00...
File025,0ACA6A84B2B047ABB36E3FB35B7938D3,D2DD2739AC3D2F496A7A5C849BCD2E12142D09EC,C:\Forensics\Tools\MP1\malware_samples,EXE,4D 5A 90 00 03 00 00 00 04 00 00 00 FF FF 00 00...
File025,0ACA6A84B2B047ABB36E3FB35B7938D3,D2DD2739AC3D2F496A7A5C849BCD2E12142D09EC,E:\Users\dchoi\Documents\File,EXE,4D 5A 90 00 03 00 00 00 04 00 00 00 FF FF 00 00...
File027,899C8AE4B45A7D4957468E47833BC84D,13513DE250639B432094DACBD14668339CA6B2A3,C:\Forensics\Tools\MP1\malware_samples,EXE,4D 5A 90 00 03 00 00 00 04 00 00 00 FF FF 00 00...
File027,899C8AE4B45A7D4957468E47833BC84D,13513DE250639B432094DACBD14668339CA6B2A3,E:\Users\dchoi\Documents\File,EXE,4D 5A 90 00 03 00 00 00 04 00 00 00 FF FF 00 00...
File042,74A4B714C851DE93C773B1772A40807D,48506056F569A40EE28155C507E3578AF5EA4579,C:\Forensics\Tools\MP1\malware_samples,EXE,4D 5A 90 00 03 00 00 00 04 00 00 00 FF FF 00 00...
File042,74A4B714C851DE93C773B1772A40807D,48506056F569A40EE28155C507E3578AF5EA4579,E:\Users\dchoi\Documents\File,EXE,4D 5A 90 00 03 00 00 00 04 00 00 00 FF FF 00 00...
File046,F63D16A402673307CBD7E0A69205BAA4,AFB6C414197688A1BC6C113BB5ADD0F02F308A50,C:\Forensics\Tools\MP1\malware_samples,EXE,4D 5A 00 01 01 00 00 00 08 00 10 00 FF FF 08 00...
File046,F63D16A402673307CBD7E0A69205BAA4,AFB6C414197688A1BC6C113BB5ADD0F02F308A50,E:\Users\dchoi\Documents\File,EXE,4D 5A 00 01 01 00 00 00 08 00 10 00 FF FF 08 00...
File047,130368DCAC9CF8171B792BB164B1CD1C,A4609BEDC4D885A3C0DD0F3FC9757AF6A377DC8C,C:\Forensics\Tools\MP1\malware_samples,EXE,4D 5A 90 00 03 00 00 00 04 00 00 00 FF FF 00 00...
File047,130368DCAC9CF8171B792BB164B1CD1C,A4609BEDC4D885A3C0DD0F3FC9757AF6A377DC8C,E:\Users\dchoi\Documents\File,EXE,4D 5A 90 00 03 00 00 00 04 00 00 00 FF FF 00 00...
File051,DB97870E110D2E495F191C432797AD04,3A73E650E6386CFD23F3D726C347A9359A37478B,C:\Forensics\Tools\MP1\malware_samples,EXE,4D 5A 90 00 03 00 00 00 04 00 00 00 FF FF 00 00...
File051,DB97870E110D2E495F191C432797AD04,3A73E650E6386CFD23F3D726C347A9359A37478B,E:\Users\dchoi\Documents\File,EXE,4D 5A 90 00 03 00 00 00 04 00 00 00 FF FF 00 00...
File060,8D404AC68CC517B456D0C46305CAF6B4,DA8C7F8945337943F5E1FE1D1513395144711333,C:\Forensics\Tools\MP1\malware_samples,EXE,4D 5A 90 00 03 00 00 00 04 00 00 00 FF FF 00 00...
File060,8D404AC68CC517B456D0C46305CAF6B4,DA8C7F8945337943F5E1FE1D1513395144711333,E:\Users\dchoi\Documents\File,EXE,4D 5A 90 00 03 00 00 00 04 00 00 00 FF FF 00 00...
File062,F0C3B5B14D0B5C1420D1E22F3585F4C3,CDE069A5CBC8BDEFCFF8A67DCF26538CF35EB99B,C:\Forensics\Tools\MP1\malware_samples,EXE,4D 5A 90 00 03 00 00 00 04 00 00 00 FF FF 00 00...
File062,F0C3B5B14D0B5C1420D1E22F3585F4C3,CDE069A5CBC8BDEFCFF8A67DCF26538CF35EB99B,E:\Users\dchoi\Documents\File,EXE,4D 5A 90 00 03 00 00 00 04 00 00 00 FF FF 00 00...
File067,EA15BC1156BF638002B99C63BD4ABB1A,1256D16942369961683C7F21C7F77128EA1F73C9,C:\Forensics\Tools\MP1\malware_samples,EXE,4D 5A 93 00 03 00 00 00 20 00 00 00 FF FF 07 00...
File067,EA15BC1156BF638002B99C63BD4ABB1A,1256D16942369961683C7F21C7F77128EA1F73C9,E:\Users\dchoi\Documents\File,EXE,4D 5A 93 00 03 00 00 00 20 00 00 00 FF FF 07 00...
File071,08422E540F71AFBF8895440DBCE80AA4,22F690F251032776E47565D46F3285C4011695BD,C:\Forensics\Tools\MP1\malware_samples,EXE,4D 5A 90 00 03 00 00 00 04 00 00 00 FF FF 00 00...
File071,08422E540F71AFBF8895440DBCE80AA4,22F690F251032776E47565D46F3285C4011695BD,E:\Users\dchoi\Documents\File,EXE,4D 5A 90 00 03 00 00 00 04 00 00 00 FF FF 00 00...
File075,CBF27B79169A22E2ED9F2F6DED176CDB,8929C844AE8A6F80694D0E8DE149ADBAE60FD78A,C:\Forensics\Tools\MP1\malware_samples,EXE,4D 5A 90 00 03 00 00 00 04 00 00 00 FF FF 00 00...
File075,CBF27B79169A22E2ED9F2F6DED176CDB,8929C844AE8A6F80694D0E8DE149ADBAE60FD78A,E:\Users\dchoi\Documents\File,EXE,4D 5A 90 00 03 00 00 00 04 00 00 00 FF FF 00 00...
File080,12961A8D12E77FC9B66345B80456F7FE,EC320D7A73DCF97B4B4FCB6E764A238A318E38C4,C:\Forensics\Tools\MP1\malware_samples,EXE,4D 5A 90 00 03 00 00 00 04 00 00 00 FF FF 00 00...
File080,12961A8D12E77FC9B66345B80456F7FE,EC320D7A73DCF97B4B4FCB6E764A238A318E38C4,E:\Users\dchoi\Documents\File,EXE,4D 5A 90 00 03 00 00 00 04 00 00 00 FF FF 00 00...
File081,52376B5FBAA7A368612CA909730CF9B3,B4E26EA63C2994E7D994C052C52D3F4E8DA27C9D,C:\Forensics\Tools\MP1\malware_samples,EXE,4D 5A 90 00 03 00 00 00 04 00 00 00 FF FF 00 00...
File081,52376B5FBAA7A368612CA909730CF9B3,B4E26EA63C2994E7D994C052C52D3F4E8DA27C9D,E:\Users\dchoi\Documents\File,EXE,4D 5A 90 00 03 00 00 00 04 00 00 00 FF FF 00 00...
File092,CB22EC32B6B7D83582B7FDA7D682FF89,47A126F450D91264F4A399C52D25EFB622D2A169,C:\Forensics\Tools\MP1\malware_samples,EXE,4D 5A 90 00 03 00 00 00 04 00 00 00 FF FF 00 00...
File092,CB22EC32B6B7D83582B7FDA7D682FF89,47A126F450D91264F4A399C52D25EFB622D2A169,E:\Users\dchoi\Documents\File,EXE,4D 5A 90 00 03 00 00 00 04 00 00 00 FF FF 00 00...
File095,BB24A4F283EEEB0A5B6A63256E197FAD,E8039CD053F2974EDAA188541159DFE12BEA125F,C:\Forensics\Tools\MP1\malware_samples,EXE,4D 5A 90 00 03 00 00 00 04 00 00 00 FF FF 00 00...
File095,BB24A4F283EEEB0A5B6A63256E197FAD,E8039CD053F2974EDAA188541159DFE12BEA125F,E:\Users\dchoi\Documents\File,EXE,4D 5A 90 00 03 00 00 00 04 00 00 00 FF FF 00 00...
File101,B022E52FAE3EA7DA7B43C8E80CA646A9,CC1FAB36EE81C119AAE9856EBEA2E1735A309B30,C:\Forensics\Tools\MP1\malware_samples,EXE,4D 5A 90 00 03 00 00 00 04 00 00 00 FF FF 00 00...
File101,B022E52FAE3EA7DA7B43C8E80CA646A9,CC1FAB36EE81C119AAE9856EBEA2E1735A309B30,E:\Users\dchoi\Documents\File,EXE,4D 5A 90 00 03 00 00 00 04 00 00 00 FF FF 00 00...
File115,9E25484B1907186FA37395A4C3B79940,65E3EC37850F9D2D5EF82F264171611BE5414D5C,C:\Forensics\Tools\MP1\malware_samples,EXE,4D 5A 90 00 03 00 00 00 04 00 00 00 FF FF 00 00...
File115,9E25484B1907186FA37395A4C3B79940,65E3EC37850F9D2D5EF82F264171611BE5414D5C,E:\Users\dchoi\Documents\File,EXE,4D 5A 90 00 03 00 00 00 04 00 00 00 FF FF 00 00...
File118,E729B5CC0CA22D973378A595F0C02CF8,C278FC9F054943A8BC9FB22E322E588D30494A4B,C:\Forensics\Tools\MP1\malware_samples,EXE,4D 5A 90 00 03 00 00 00 04 00 00 00 FF FF 00 00...
File118,E729B5CC0CA22D973378A595F0C02CF8,C278FC9F054943A8BC9FB22E322E588D30494A4B,E:\Users\dchoi\Documents\File,EXE,4D 5A 90 00 03 00 00 00 04 00 00 00 FF FF 00 00...
File141,AC1B94145D5BF11F34EBA1137D8B39E2,C33584AB2F523CBB8556599CCBEFC67129602668,C:\Forensics\Tools\MP1\malware_samples,EXE,4D 5A 90 00 03 00 00 00 04 00 00 00 FF FF 00 00...
File141,AC1B94145D5BF11F34EBA1137D8B39E2,C33584AB2F523CBB8556599CCBEFC67129602668,E:\Users\dchoi\Documents\File,EXE,4D 5A 90 00 03 00 00 00 04 00 00 00 FF FF 00 00...
File146,290A44F94F15D6AE35915320294947F6,DBBA2D945D3A10D313896D32D90AF9278559BBA6,C:\Forensics\Tools\MP1\malware_samples,EXE,4D 5A 90 00 03 00 00 00 04 00 00 00 FF FF 00 00...
File146,290A44F94F15D6AE35915320294947F6,DBBA2D945D3A10D313896D32D90AF9278559BBA6,E:\Users\dchoi\Documents\File,EXE,4D 5A 90 00 03 00 00 00 04 00 00 00 FF FF 00 00...
File155,774FAA35314CCF72D1B9D841B4532B03,EF57D337B2480BF4981091D9EC3072494F3C76F1,C:\Forensics\Tools\MP1\malware_samples,EXE,4D 5A 50 00 02 00 00 00 04 00 0F 00 FF FF 00 00...
File155,774FAA35314CCF72D1B9D841B4532B03,EF57D337B2480BF4981091D9EC3072494F3C76F1,E:\Users\dchoi\Documents\File,EXE,4D 5A 50 00 02 00 00 00 04 00 0F 00 FF FF 00 00...
File159,2FB6C16C0F1C39D9EC32DBB311990B9C,DD56BDE584EF1C333304C30F2CFA7311F576139A,C:\Forensics\Tools\MP1\malware_samples,EXE,4D 5A 8B 00 03 00 00 00 20 00 00 00 FF FF 07 00...
File159,2FB6C16C0F1C39D9EC32DBB311990B9C,DD56BDE584EF1C333304C30F2CFA7311F576139A,E:\Users\dchoi\Documents\File,EXE,4D 5A 8B 00 03 00 00 00 20 00 00 00 FF FF 07 00...
File160,5B88C51EA10F9DB362369F3D71BEA569,BEE2ED1BEA54E7D00B1BD0D44D817406D74A2AF3,C:\Forensics\Tools\MP1\malware_samples,EXE,4D 5A 90 00 03 00 00 00 04 00 00 00 FF FF 00 00...
File160,5B88C51EA10F9DB362369F3D71BEA569,BEE2ED1BEA54E7D00B1BD0D44D817406D74A2AF3,E:\Users\dchoi\Documents\File,EXE,4D 5A 90 00 03 00 00 00 04 00 00 00 FF FF 00 00...
File164,F3DEC47BDC290FB01D5D908775321EA7,F0EEFA4F62179CF8ED63DE2D287512089E95A9BE,C:\Forensics\Tools\MP1\malware_samples,EXE,4D 5A 90 00 03 00 00 00 04 00 00 00 FF FF 00 00...
File164,F3DEC47BDC290FB01D5D908775321EA7,F0EEFA4F62179CF8ED63DE2D287512089E95A9BE,E:\Users\dchoi\Documents\File,EXE,4D 5A 90 00 03 00 00 00 04 00 00 00 FF FF 00 00...
File166,1AF712A59AB34E0C131B40018D31C0F2,2C8951F8B0528EA9DB00688CD76E14383ED0ED21,C:\Forensics\Tools\MP1\malware_samples,EXE,4D 5A 90 00 03 00 00 00 04 00 00 00 FF FF 00 00...
File166,1AF712A59AB34E0C131B40018D31C0F2,2C8951F8B0528EA9DB00688CD76E14383ED0ED21,E:\Users\dchoi\Documents\File,EXE,4D 5A 90 00 03 00 00 00 04 00 00 00 FF FF 00 00...
File173,3C555BD977FD395F0E3E0B3758071D52,06849F3BFB38B3B4AA5E2A0C0AC88734478BB9F7,C:\Forensics\Tools\MP1\malware_samples,EXE,4D 5A 90 00 03 00 00 00 04 00 00 00 FF FF 00 00...
File173,3C555BD977FD395F0E3E0B3758071D52,06849F3BFB38B3B4AA5E2A0C0AC88734478BB9F7,E:\Users\dchoi\Documents\File,EXE,4D 5A 90 00 03 00 00 00 04 00 00 00 FF FF 00 00...
File176,6D8A087C87E8C522AE0B7948357EE226,3001282ECD140D7120B94DA8DEFCB02DBB26A8B0,C:\Forensics\Tools\MP1\malware_samples,EXE,4D 5A 90 00 03 00 00 00 04 00 00 00 FF FF 00 00...
File176,6D8A087C87E8C522AE0B7948357EE226,3001282ECD140D7120B94DA8DEFCB02DBB26A8B0,E:\Users\dchoi\Documents\File,EXE,4D 5A 90 00 03 00 00 00 04 00 00 00 FF FF 00 00...
File177,894E538FBD29D9AF2DAC82ABBB798AA8,3C28B3063CE80B3FD61E0AFC6934E3180F5BEF12,C:\Forensics\Tools\MP1\malware_samples,EXE,4D 5A 90 00 03 00 00 00 04 00 00 00 FF FF 00 00...
File177,894E538FBD29D9AF2DAC82ABBB798AA8,3C28B3063CE80B3FD61E0AFC6934E3180F5BEF12,E:\Users\dchoi\Documents\File,EXE,4D 5A 90 00 03 00 00 00 04 00 00 00 FF FF 00 00...
File180,6A9A905F16F64919E6892A2E8D37A5B7,FAEF2D937021C3CA367F275F0128B5EBAF50DBD8,C:\Forensics\Tools\MP1\malware_samples,EXE,4D 5A 90 00 03 00 00 00 04 00 00 00 FF FF 00 00...
File180,6A9A905F16F64919E6892A2E8D37A5B7,FAEF2D937021C3CA367F275F0128B5EBAF50DBD8,E:\Users\dchoi\Documents\File,EXE,4D 5A 90 00 03 00 00 00 04 00 00 00 FF FF 00 00...
File200,CB98F5F2982FEEFD5E6D9FCA98BB7E39,C5C554B41D7005DAFDBFC89C4F4B776331CABC48,C:\Forensics\Tools\MP1\malware_samples,EXE,4D 5A 00 00 00 0D 49 48 44 52 00 00 03 88 00 00...
File200,CB98F5F2982FEEFD5E6D9FCA98BB7E39,C5C554B41D7005DAFDBFC89C4F4B776331CABC48,E:\Users\dchoi\Documents\File,EXE,4D 5A 00 00 00 0D 49 48 44 52 00 00 03 88 00 00...
File201,4E9A6F255BFF5AB93B6A7A51EBF62E99,F4BAECEFF5C949C66A85EDCBF3AC40A774E3B887,C:\Forensics\Tools\MP1\malware_samples,EXE,4D 5A 90 00 03 00 00 00 04 00 00 00 FF FF 00 00...
File201,4E9A6F255BFF5AB93B6A7A51EBF62E99,F4BAECEFF5C949C66A85EDCBF3AC40A774E3B887,E:\Users\dchoi\Documents\File,EXE,4D 5A 90 00 03 00 00 00 04 00 00 00 FF FF 00 00...
File207,8C5C9499E5BF2515B46AD201E8340748,DF382E06B0B50420B6D63240EFE0681998FA8DFB,C:\Forensics\Tools\MP1\malware_samples,EXE,4D 5A 90 00 03 00 00 00 04 00 00 00 FF FF 00 00...
File207,8C5C9499E5BF2515B46AD201E8340748,DF382E06B0B50420B6D63240EFE0681998FA8DFB,E:\Users\dchoi\Documents\File,EXE,4D 5A 90 00 03 00 00 00 04 00 00 00 FF FF 00 00...
File213,2A951F81A38691F52FB9985513E46946,C79BF016E59F5A63697184E470304AF54D1689DA,C:\Forensics\Tools\MP1\malware_samples,EXE,4D 5A 90 00 03 00 00 00 04 00 00 00 FF FF 00 00...
File213,2A951F81A38691F52FB9985513E46946,C79BF016E59F5A63697184E470304AF54D1689DA,E:\Users\dchoi\Documents\File,EXE,4D 5A 90 00 03 00 00 00 04 00 00 00 FF FF 00 00...
File006,17BBCF874C7EF4315DC7114F020C46E6,7133FE4D816C890E44C4C78B58A6C8681AC874B0,C:\Forensics\Tools\MP1\malware_samples,ZIP,50 4B 03 04 0A 00 00 00 00 00 00 00 21 00 FF FF...
File006,17BBCF874C7EF4315DC7114F020C46E6,7133FE4D816C890E44C4C78B58A6C8681AC874B0,E:\Users\dchoi\Documents\File,ZIP,50 4B 03 04 0A 00 00 00 00 00 00 00 21 00 FF FF...
File007,9184F89ABE4A76D7A312312396473C2C,44E9C9A846F09707C247E4D4D4A3087C8574B4F1,C:\Forensics\Tools\MP1\malware_samples,ZIP,50 4B 03 04 14 00 06 00 08 00 00 00 21 00 D4 A2...
File007,9184F89ABE4A76D7A312312396473C2C,44E9C9A846F09707C247E4D4D4A3087C8574B4F1,E:\Users\dchoi\Documents\File,ZIP,50 4B 03 04 14 00 06 00 08 00 00 00 21 00 D4 A2...
File010,DF23A5F65A651A5368A1F4C68B4537FC,FA74B7D0E1CEC72539108A3CD9FC2BAC6A7210E3,C:\Forensics\Tools\MP1\malware_samples,ZIP,50 4B 03 04 14 00 06 00 08 00 00 00 21 00 3C F3...
File010,DF23A5F65A651A5368A1F4C68B4537FC,FA74B7D0E1CEC72539108A3CD9FC2BAC6A7210E3,E:\Users\dchoi\Documents\File,ZIP,50 4B 03 04 14 00 06 00 08 00 00 00 21 00 3C F3...
File011,AA4FE812DC7A13E684D33BB70F3E4265,69C37B69B78A41EFD19EEA6D67B4B9B3EEA1AA38,C:\Forensics\Tools\MP1\malware_samples,ZIP,50 4B 03 04 0A 00 00 00 00 00 00 00 21 00 FF FF...
File011,AA4FE812DC7A13E684D33BB70F3E4265,69C37B69B78A41EFD19EEA6D67B4B9B3EEA1AA38,E:\Users\dchoi\Documents\File,ZIP,50 4B 03 04 0A 00 00 00 00 00 00 00 21 00 FF FF...
File012,CD7A8A6E473CA1693AE557DA91650B8B,94158316E899691B587A346E5A5E5DF2D6FCF437,C:\Forensics\Tools\MP1\malware_samples,ZIP,50 4B 03 04 14 00 06 00 08 00 00 00 21 00 04 E8...
File012,CD7A8A6E473CA1693AE557DA91650B8B,94158316E899691B587A346E5A5E5DF2D6FCF437,E:\Users\dchoi\Documents\File,ZIP,50 4B 03 04 14 00 06 00 08 00 00 00 21 00 04 E8...
File014,79C0374C3DC8ABFDDAC0C302D0330529,9BA252AB7303B9DBD6DF8AAB350E88DA7F43FC1D,C:\Forensics\Tools\MP1\malware_samples,ZIP,50 4B 03 04 14 00 06 00 08 00 00 00 21 00 E4 A7...
File014,79C0374C3DC8ABFDDAC0C302D0330529,9BA252AB7303B9DBD6DF8AAB350E88DA7F43FC1D,E:\Users\dchoi\Documents\File,ZIP,50 4B 03 04 14 00 06 00 08 00 00 00 21 00 E4 A7...
File017,C374B2CAC48B3B80144865FA7F181C2E,421B51DC3FD04041D3BAC7434174E80F708B056D,C:\Forensics\Tools\MP1\malware_samples,ZIP,50 4B 03 04 0A 00 00 00 00 00 00 00 21 00 FF FF...
File017,C374B2CAC48B3B80144865FA7F181C2E,421B51DC3FD04041D3BAC7434174E80F708B056D,E:\Users\dchoi\Documents\File,ZIP,50 4B 03 04 0A 00 00 00 00 00 00 00 21 00 FF FF...
File030,DA3FC8E4D769D1655552F9C000312C67,D4E97F94ED56361255D38A8559758E98B36324FB,C:\Forensics\Tools\MP1\malware_samples,ZIP,50 4B 03 04 0A 00 00 00 00 00 00 00 21 00 FF FF...
File030,DA3FC8E4D769D1655552F9C000312C67,D4E97F94ED56361255D38A8559758E98B36324FB,E:\Users\dchoi\Documents\File,ZIP,50 4B 03 04 0A 00 00 00 00 00 00 00 21 00 FF FF...
File031,18AE60E913174C448C66C4BB674936E7,10D5A709306EB512560DDBE30E601A9E9008CF9E,C:\Forensics\Tools\MP1\malware_samples,ZIP,50 4B 03 04 14 00 06 00 08 00 00 00 21 00 98 84...
File031,18AE60E913174C448C66C4BB674936E7,10D5A709306EB512560DDBE30E601A9E9008CF9E,E:\Users\dchoi\Documents\File,ZIP,50 4B 03 04 14 00 06 00 08 00 00 00 21 00 98 84...
File032,93048E6C41C1E52A2BE85096B8DF6614,5DB12A5EC83B30E7B4D690F60159AFD7E027FE04,C:\Forensics\Tools\MP1\malware_samples,ZIP,50 4B 03 04 14 00 06 00 08 00 00 00 21 00 E6 79...
File032,93048E6C41C1E52A2BE85096B8DF6614,5DB12A5EC83B30E7B4D690F60159AFD7E027FE04,E:\Users\dchoi\Documents\File,ZIP,50 4B 03 04 14 00 06 00 08 00 00 00 21 00 E6 79...
File035,0C5393A75584590513C78674FA3F0D6F,09671885A19250F7C5512043EA3816B174E150E5,C:\Forensics\Tools\MP1\malware_samples,ZIP,50 4B 03 04 14 00 00 00 08 00 00 00 21 00 61 0D...
File035,0C5393A75584590513C78674FA3F0D6F,09671885A19250F7C5512043EA3816B174E150E5,E:\Users\dchoi\Documents\File,ZIP,50 4B 03 04 14 00 00 00 08 00 00 00 21 00 61 0D...
File037,10C891B8EBC12CC4066AF9A675D637E0,295CBC82D0451974ED79E2F19C79BE35861D6FB0,C:\Forensics\Tools\MP1\malware_samples,ZIP,50 4B 03 04 0A 00 00 00 00 00 00 00 21 00 FF FF...
File037,10C891B8EBC12CC4066AF9A675D637E0,295CBC82D0451974ED79E2F19C79BE35861D6FB0,E:\Users\dchoi\Documents\File,ZIP,50 4B 03 04 0A 00 00 00 00 00 00 00 21 00 FF FF...
File043,43E1B1FB5BCD16C937B0DA2C4A6E540C,661D2DDF9BD727DE31C653ABA3EDD83C19E0959A,C:\Forensics\Tools\MP1\malware_samples,ZIP,50 4B 03 04 14 00 02 00 08 00 4A 24 76 59 FB 70...
File043,43E1B1FB5BCD16C937B0DA2C4A6E540C,661D2DDF9BD727DE31C653ABA3EDD83C19E0959A,E:\Users\dchoi\Documents\File,ZIP,50 4B 03 04 14 00 02 00 08 00 4A 24 76 59 FB 70...
File056,1C03344F83275AC70B5391DF2E8E0876,BCC8198A1D3D16525E4BF56A0D42A078A8893424,C:\Forensics\Tools\MP1\malware_samples,ZIP,50 4B 03 04 0A 00 00 00 00 00 00 00 21 00 FF FF...
File056,1C03344F83275AC70B5391DF2E8E0876,BCC8198A1D3D16525E4BF56A0D42A078A8893424,E:\Users\dchoi\Documents\File,ZIP,50 4B 03 04 0A 00 00 00 00 00 00 00 21 00 FF FF...
File074,F9B2C6C68A3DDFC2678FCD9F0CF0464E,7178220D10182F9AB2C3EFD1054A8872E24800E9,C:\Forensics\Tools\MP1\malware_samples,ZIP,50 4B 03 04 0A 00 00 00 00 00 00 00 21 00 FF FF...
File074,F9B2C6C68A3DDFC2678FCD9F0CF0464E,7178220D10182F9AB2C3EFD1054A8872E24800E9,E:\Users\dchoi\Documents\File,ZIP,50 4B 03 04 0A 00 00 00 00 00 00 00 21 00 FF FF...
File076,585CE4469A6ADFEBB17E5C7B1163F349,F90E097BB2880D250C2D1FE6D6D69F49A4C89ED3,C:\Forensics\Tools\MP1\malware_samples,ZIP,50 4B 03 04 14 00 08 08 08 00 AB 0B 76 59 00 00...
File076,585CE4469A6ADFEBB17E5C7B1163F349,F90E097BB2880D250C2D1FE6D6D69F49A4C89ED3,E:\Users\dchoi\Documents\File,ZIP,50 4B 03 04 14 00 08 08 08 00 AB 0B 76 59 00 00...
File085,5A237806A6AFEC0A40FB433530387001,3163223D1FC12C29AD6A01051F00054C5995F8C4,C:\Forensics\Tools\MP1\malware_samples,ZIP,50 4B 03 04 14 00 06 00 08 00 00 00 21 00 B5 CF...
File085,5A237806A6AFEC0A40FB433530387001,3163223D1FC12C29AD6A01051F00054C5995F8C4,E:\Users\dchoi\Documents\File,ZIP,50 4B 03 04 14 00 06 00 08 00 00 00 21 00 B5 CF...
File087,B4EA3FA8C44C0E05E86E4B0D8859CF0F,AD9ADA5E4004B1892FF0800575FFB3BA1CA2AF0E,C:\Forensics\Tools\MP1\malware_samples,ZIP,50 4B 03 04 14 00 06 00 08 00 00 00 21 00 8F BF...
File087,B4EA3FA8C44C0E05E86E4B0D8859CF0F,AD9ADA5E4004B1892FF0800575FFB3BA1CA2AF0E,E:\Users\dchoi\Documents\File,ZIP,50 4B 03 04 14 00 06 00 08 00 00 00 21 00 8F BF...
File093,8A0B5139A1E35F636B28893CB6436FB9,2CC913D580F766965D2A1C95CC60303F84F5DECE,C:\Forensics\Tools\MP1\malware_samples,ZIP,50 4B 03 04 14 00 06 00 08 00 00 00 21 00 9D 7C...
File093,8A0B5139A1E35F636B28893CB6436FB9,2CC913D580F766965D2A1C95CC60303F84F5DECE,E:\Users\dchoi\Documents\File,ZIP,50 4B 03 04 14 00 06 00 08 00 00 00 21 00 9D 7C...
File094,D46229B61AC5FA694F1E5547D7CF424E,6E3978345A445E7E659069466F1707E46F8C15B7,C:\Forensics\Tools\MP1\malware_samples,ZIP,50 4B 03 04 14 00 06 00 08 00 00 00 21 00 81 71...
File094,D46229B61AC5FA694F1E5547D7CF424E,6E3978345A445E7E659069466F1707E46F8C15B7,E:\Users\dchoi\Documents\File,ZIP,50 4B 03 04 14 00 06 00 08 00 00 00 21 00 81 71...
File096,6B8F2E87DFDDEC9238FB7252E63AD558,F426E87D01F2D3D46E2217E053FFAF2B8F518511,C:\Forensics\Tools\MP1\malware_samples,ZIP,50 4B 03 04 14 00 06 00 08 00 00 00 21 00 D5 71...
File096,6B8F2E87DFDDEC9238FB7252E63AD558,F426E87D01F2D3D46E2217E053FFAF2B8F518511,E:\Users\dchoi\Documents\File,ZIP,50 4B 03 04 14 00 06 00 08 00 00 00 21 00 D5 71...
File100,95B6F67C991027DE4266A1E0E7E8D527,9BE1F1347B642ED0BECDC2FEA3E4F272860A91D5,C:\Forensics\Tools\MP1\malware_samples,ZIP,50 4B 03 04 14 00 06 00 08 00 00 00 21 00 1E 27...
File100,95B6F67C991027DE4266A1E0E7E8D527,9BE1F1347B642ED0BECDC2FEA3E4F272860A91D5,E:\Users\dchoi\Documents\File,ZIP,50 4B 03 04 14 00 06 00 08 00 00 00 21 00 1E 27...
File104,315C12E381824FA8187634F37E4D12DA,CEB6330FA3B9C7221D97447FFF5201796EEDC3D0,C:\Forensics\Tools\MP1\malware_samples,ZIP,50 4B 03 04 14 00 06 00 08 00 00 00 21 00 2B 54...
File104,315C12E381824FA8187634F37E4D12DA,CEB6330FA3B9C7221D97447FFF5201796EEDC3D0,E:\Users\dchoi\Documents\File,ZIP,50 4B 03 04 14 00 06 00 08 00 00 00 21 00 2B 54...
File111,BBFD94F750618D4EB4FC8C3D6A9FF11D,D21850FB8F7FF21A8D48AAA9BB928043416924EB,C:\Forensics\Tools\MP1\malware_samples,ZIP,50 4B 03 04 14 00 06 00 08 00 00 00 21 00 45 8C...
File111,BBFD94F750618D4EB4FC8C3D6A9FF11D,D21850FB8F7FF21A8D48AAA9BB928043416924EB,E:\Users\dchoi\Documents\File,ZIP,50 4B 03 04 14 00 06 00 08 00 00 00 21 00 45 8C...
File116,B153DC51097EAF6BC297727B41D16FA9,73C3036755DE9C36BD22F36F0238D56DFD094240,C:\Forensics\Tools\MP1\malware_samples,ZIP,50 4B 03 04 14 00 06 00 08 00 00 00 21 00 74 76...
File116,B153DC51097EAF6BC297727B41D16FA9,73C3036755DE9C36BD22F36F0238D56DFD094240,E:\Users\dchoi\Documents\File,ZIP,50 4B 03 04 14 00 06 00 08 00 00 00 21 00 74 76...
File117,0D7783AA3A521E6D64AA1A829C5EA90A,6A6A963EA8245D4034C2EBCC01E98E1C6FEB3440,C:\Forensics\Tools\MP1\malware_samples,ZIP,50 4B 03 04 14 00 06 00 08 00 00 00 21 00 9C BD...
File117,0D7783AA3A521E6D64AA1A829C5EA90A,6A6A963EA8245D4034C2EBCC01E98E1C6FEB3440,E:\Users\dchoi\Documents\File,ZIP,50 4B 03 04 14 00 06 00 08 00 00 00 21 00 9C BD...
File121,78DB5FB8D3B5F11D349384C5C808D94C,65B6579A5C5DBE6D42F49031BB4C416A0D36F254,C:\Forensics\Tools\MP1\malware_samples,ZIP,50 4B 03 04 14 00 06 00 08 00 00 00 21 00 9F 04...
File121,78DB5FB8D3B5F11D349384C5C808D94C,65B6579A5C5DBE6D42F49031BB4C416A0D36F254,E:\Users\dchoi\Documents\File,ZIP,50 4B 03 04 14 00 06 00 08 00 00 00 21 00 9F 04...
File122,423E0563FE719395891FA51A000A41AD,83E586E9A4CCD04F8C77CF11BCA3D1339E891340,C:\Forensics\Tools\MP1\malware_samples,ZIP,50 4B 03 04 14 00 08 08 08 00 48 A5 75 59 00 00...
File122,423E0563FE719395891FA51A000A41AD,83E586E9A4CCD04F8C77CF11BCA3D1339E891340,E:\Users\dchoi\Documents\File,ZIP,50 4B 03 04 14 00 08 08 08 00 48 A5 75 59 00 00...
File130,1E40FE728F54AB560BE84048B37E2136,5BE30928B8AF0B3E684761D3E192BC7D52692A0E,C:\Forensics\Tools\MP1\malware_samples,ZIP,50 4B 03 04 14 00 06 00 08 00 00 00 21 00 3D 57...
File130,1E40FE728F54AB560BE84048B37E2136,5BE30928B8AF0B3E684761D3E192BC7D52692A0E,E:\Users\dchoi\Documents\File,ZIP,50 4B 03 04 14 00 06 00 08 00 00 00 21 00 3D 57...
File131,EC026D8ED4A1AEAECA8EEB4E7BD17715,25D67D32197D0C32DAB7C19404D7D33EB6C3E89B,C:\Forensics\Tools\MP1\malware_samples,ZIP,50 4B 03 04 14 00 06 00 08 00 00 00 21 00 A6 74...
File131,EC026D8ED4A1AEAECA8EEB4E7BD17715,25D67D32197D0C32DAB7C19404D7D33EB6C3E89B,E:\Users\dchoi\Documents\File,ZIP,50 4B 03 04 14 00 06 00 08 00 00 00 21 00 A6 74...
File134,D6EADEC77EA7A7436FB9E5F39BDC9B36,711FDD86B47733FFDEEEC89F21A52C540EE7C23A,C:\Forensics\Tools\MP1\malware_samples,ZIP,50 4B 03 04 14 00 06 00 08 00 00 00 21 00 3D 57...
File134,D6EADEC77EA7A7436FB9E5F39BDC9B36,711FDD86B47733FFDEEEC89F21A52C540EE7C23A,E:\Users\dchoi\Documents\File,ZIP,50 4B 03 04 14 00 06 00 08 00 00 00 21 00 3D 57...
File142,ECF92B48EAA6FF7D658170AA49A6E660,AB486D834224D33B59515B7D1C738911B949C126,C:\Forensics\Tools\MP1\malware_samples,ZIP,50 4B 03 04 0A 00 00 00 08 00 00 00 21 00 03 E4...
File142,ECF92B48EAA6FF7D658170AA49A6E660,AB486D834224D33B59515B7D1C738911B949C126,E:\Users\dchoi\Documents\File,ZIP,50 4B 03 04 0A 00 00 00 08 00 00 00 21 00 03 E4...
File144,D19B96636F75B86F0F2740E6434E7B6F,E601679953B0423457F636ADB46FD7B3192CF6E1,C:\Forensics\Tools\MP1\malware_samples,ZIP,50 4B 03 04 0A 00 00 00 00 00 00 00 21 00 FF FF...
File144,D19B96636F75B86F0F2740E6434E7B6F,E601679953B0423457F636ADB46FD7B3192CF6E1,E:\Users\dchoi\Documents\File,ZIP,50 4B 03 04 0A 00 00 00 00 00 00 00 21 00 FF FF...
File145,D688F330A67743DA9EDF360BD87A4757,50314186F6005A2F6383FBFB9F112588096A9323,C:\Forensics\Tools\MP1\malware_samples,ZIP,50 4B 03 04 14 00 06 00 08 00 00 00 21 00 FF BF...
File145,D688F330A67743DA9EDF360BD87A4757,50314186F6005A2F6383FBFB9F112588096A9323,E:\Users\dchoi\Documents\File,ZIP,50 4B 03 04 14 00 06 00 08 00 00 00 21 00 FF BF...
File149,0A35B9503060597BB052F21B4B4290D6,98629156401FA0E895AED31C838FD1519D2674EC,C:\Forensics\Tools\MP1\malware_samples,ZIP,50 4B 03 04 14 00 08 08 08 00 CE 13 76 59 00 00...
File149,0A35B9503060597BB052F21B4B4290D6,98629156401FA0E895AED31C838FD1519D2674EC,E:\Users\dchoi\Documents\File,ZIP,50 4B 03 04 14 00 08 08 08 00 CE 13 76 59 00 00...
File150,4CC3CEE04F7E695A8DE8591E15F19FC1,06B1FFB9DB80CDCE1E1623453882ED96B9602335,C:\Forensics\Tools\MP1\malware_samples,ZIP,50 4B 03 04 0A 00 00 00 00 00 00 00 21 00 FF FF...
File150,4CC3CEE04F7E695A8DE8591E15F19FC1,06B1FFB9DB80CDCE1E1623453882ED96B9602335,E:\Users\dchoi\Documents\File,ZIP,50 4B 03 04 0A 00 00 00 00 00 00 00 21 00 FF FF...
File151,C0E566EC23E885DDEB11E5A4070FB841,4247D02A033CB899485941A63F2F36E76C76C65F,C:\Forensics\Tools\MP1\malware_samples,ZIP,50 4B 03 04 14 00 06 00 08 00 00 00 21 00 B7 BB...
File151,C0E566EC23E885DDEB11E5A4070FB841,4247D02A033CB899485941A63F2F36E76C76C65F,E:\Users\dchoi\Documents\File,ZIP,50 4B 03 04 14 00 06 00 08 00 00 00 21 00 B7 BB...
File153,07B039A576B247F2719D7C1372E7D1C7,8ADE27F7DCC94CC0537BFA99754DAAF97B8ADBFF,C:\Forensics\Tools\MP1\malware_samples,ZIP,50 4B 03 04 14 00 08 08 08 00 BA BB 75 55 00 00...
File153,07B039A576B247F2719D7C1372E7D1C7,8ADE27F7DCC94CC0537BFA99754DAAF97B8ADBFF,E:\Users\dchoi\Documents\File,ZIP,50 4B 03 04 14 00 08 08 08 00 BA BB 75 55 00 00...
File161,C875C6CC8E2086011748FD6F9DE83FF9,B75A7CA6961FFDCAFD25F6B3B5A523A71B0FEFC1,C:\Forensics\Tools\MP1\malware_samples,ZIP,50 4B 03 04 14 00 06 00 08 00 00 00 21 00 B5 CF...
File161,C875C6CC8E2086011748FD6F9DE83FF9,B75A7CA6961FFDCAFD25F6B3B5A523A71B0FEFC1,E:\Users\dchoi\Documents\File,ZIP,50 4B 03 04 14 00 06 00 08 00 00 00 21 00 B5 CF...
File162,174C53B13BB9DDBDB1984108CF13E210,7BE93D31BBB834FD3E1A0733D8D507EE168852A3,C:\Forensics\Tools\MP1\malware_samples,ZIP,50 4B 03 04 14 00 06 00 08 00 00 00 21 00 A4 04...
File162,174C53B13BB9DDBDB1984108CF13E210,7BE93D31BBB834FD3E1A0733D8D507EE168852A3,E:\Users\dchoi\Documents\File,ZIP,50 4B 03 04 14 00 06 00 08 00 00 00 21 00 A4 04...
File170,FB9DE5EC633240495F1EE57735839420,18771E2A544FDAFFB6403AEDF84B539F9D1FDB22,C:\Forensics\Tools\MP1\malware_samples,ZIP,50 4B 03 04 14 00 06 00 08 00 00 00 21 00 C3 AA...
File170,FB9DE5EC633240495F1EE57735839420,18771E2A544FDAFFB6403AEDF84B539F9D1FDB22,E:\Users\dchoi\Documents\File,ZIP,50 4B 03 04 14 00 06 00 08 00 00 00 21 00 C3 AA...
File171,19AF6DC29171E27844E34C3C807231D9,976A891EB695B834305D28D287311793CF803222,C:\Forensics\Tools\MP1\malware_samples,ZIP,50 4B 03 04 14 00 06 00 08 00 00 00 21 00 33 A5...
File171,19AF6DC29171E27844E34C3C807231D9,976A891EB695B834305D28D287311793CF803222,E:\Users\dchoi\Documents\File,ZIP,50 4B 03 04 14 00 06 00 08 00 00 00 21 00 33 A5...
File181,CDC2E1B7B617DE1DB19B5820FC9380A0,C19D042042CFE77F58CE28D55ECA3F9741BA942C,C:\Forensics\Tools\MP1\malware_samples,ZIP,50 4B 03 04 14 00 00 08 08 00 42 3D 3C 5A 47 92...
File181,CDC2E1B7B617DE1DB19B5820FC9380A0,C19D042042CFE77F58CE28D55ECA3F9741BA942C,E:\Users\dchoi\Documents\File,ZIP,50 4B 03 04 14 00 00 08 08 00 42 3D 3C 5A 47 92...
File183,5C4C9C4F71B373D50967FEA0D9293B80,ED4AC6CF06A6828888F24B58416542DACF6E9960,C:\Forensics\Tools\MP1\malware_samples,ZIP,50 4B 03 04 14 00 06 00 08 00 00 00 21 00 1C AD...
File183,5C4C9C4F71B373D50967FEA0D9293B80,ED4AC6CF06A6828888F24B58416542DACF6E9960,E:\Users\dchoi\Documents\File,ZIP,50 4B 03 04 14 00 06 00 08 00 00 00 21 00 1C AD...
File185,5B1392A9F190A431AC6BAC3B2F5BE47C,B8FC3A4D1BB60155967DBF863B71DDD42148B1E0,C:\Forensics\Tools\MP1\malware_samples,ZIP,50 4B 03 04 14 00 06 00 08 00 00 00 21 00 96 34...
File185,5B1392A9F190A431AC6BAC3B2F5BE47C,B8FC3A4D1BB60155967DBF863B71DDD42148B1E0,E:\Users\dchoi\Documents\File,ZIP,50 4B 03 04 14 00 06 00 08 00 00 00 21 00 96 34...
File187,77D26A68E9264E9FACAC4242DE2E740F,028EEE19AFCE5D914BAEC769287298CB9A3F8B8E,C:\Forensics\Tools\MP1\malware_samples,ZIP,50 4B 03 04 14 00 06 00 08 00 00 00 21 00 B5 F6...
File187,77D26A68E9264E9FACAC4242DE2E740F,028EEE19AFCE5D914BAEC769287298CB9A3F8B8E,E:\Users\dchoi\Documents\File,ZIP,50 4B 03 04 14 00 06 00 08 00 00 00 21 00 B5 F6...
File189,38C425BFF814BE81CACD15D2B4BCFEAE,431F43D1284050F1A979A7260E72910213395704,C:\Forensics\Tools\MP1\malware_samples,ZIP,50 4B 03 04 14 00 06 00 08 00 00 00 21 00 88 5E...
File189,38C425BFF814BE81CACD15D2B4BCFEAE,431F43D1284050F1A979A7260E72910213395704,E:\Users\dchoi\Documents\File,ZIP,50 4B 03 04 14 00 06 00 08 00 00 00 21 00 88 5E...
File191,7C3C2BE5D0F5BD562546CC8D03829AA4,AE984A2EEBFAD940599F7BC75BD60838D6D4EB2D,C:\Forensics\Tools\MP1\malware_samples,ZIP,50 4B 03 04 14 00 06 00 08 00 00 00 21 00 58 79...
File191,7C3C2BE5D0F5BD562546CC8D03829AA4,AE984A2EEBFAD940599F7BC75BD60838D6D4EB2D,E:\Users\dchoi\Documents\File,ZIP,50 4B 03 04 14 00 06 00 08 00 00 00 21 00 58 79...
File193,A7F70B3EC9911480BE7DACBD1E37820D,420CC47965DE6C73FE3065931D8D6FEF01792EA2,C:\Forensics\Tools\MP1\malware_samples,ZIP,50 4B 03 04 0A 00 00 00 00 00 00 00 21 00 FF FF...
File193,A7F70B3EC9911480BE7DACBD1E37820D,420CC47965DE6C73FE3065931D8D6FEF01792EA2,E:\Users\dchoi\Documents\File,ZIP,50 4B 03 04 0A 00 00 00 00 00 00 00 21 00 FF FF...
File194,44661E9D8E0B19CC4CDC71C58DAC4595,355ED21D8DA04A0EA27205B807979240FBEFB356,C:\Forensics\Tools\MP1\malware_samples,ZIP,50 4B 03 04 14 00 06 00 08 00 00 00 21 00 3E 11...
File194,44661E9D8E0B19CC4CDC71C58DAC4595,355ED21D8DA04A0EA27205B807979240FBEFB356,E:\Users\dchoi\Documents\File,ZIP,50 4B 03 04 14 00 06 00 08 00 00 00 21 00 3E 11...
File196,3ACB832C0B5BCD7DF8CC140A771C612E,8E63F741347A04D664A023C6EC09C6C8AC99D327,C:\Forensics\Tools\MP1\malware_samples,ZIP,50 4B 03 04 14 00 06 00 08 00 00 00 21 00 62 EE...
File196,3ACB832C0B5BCD7DF8CC140A771C612E,8E63F741347A04D664A023C6EC09C6C8AC99D327,E:\Users\dchoi\Documents\File,ZIP,50 4B 03 04 14 00 06 00 08 00 00 00 21 00 62 EE...
File197,ABFDCE4332A47D0056F54ECD5FF64E41,8FF3D262E9C83355E5C7CA3255C0688B53C6C983,C:\Forensics\Tools\MP1\malware_samples,ZIP,50 4B 03 04 14 00 08 08 08 00 D2 41 75 59 00 00...
File197,ABFDCE4332A47D0056F54ECD5FF64E41,8FF3D262E9C83355E5C7CA3255C0688B53C6C983,E:\Users\dchoi\Documents\File,ZIP,50 4B 03 04 14 00 08 08 08 00 D2 41 75 59 00 00...
File198,DD461E6BC31F224519587DFFD93048F8,93C63EB338CDDB1CF2E23374E2BDEBDF79302F4C,C:\Forensics\Tools\MP1\malware_samples,ZIP,50 4B 03 04 14 00 06 00 08 00 00 00 21 00 99 55...
File198,DD461E6BC31F224519587DFFD93048F8,93C63EB338CDDB1CF2E23374E2BDEBDF79302F4C,E:\Users\dchoi\Documents\File,ZIP,50 4B 03 04 14 00 06 00 08 00 00 00 21 00 99 55...
File206,16AA2764840EE306B4D60ED118ED642B,3B02A535FA7A2CCBE80D975F2B468DE92DD3B8D5,C:\Forensics\Tools\MP1\malware_samples,ZIP,50 4B 03 04 14 00 06 00 08 00 00 00 21 00 24 EC...
File206,16AA2764840EE306B4D60ED118ED642B,3B02A535FA7A2CCBE80D975F2B468DE92DD3B8D5,E:\Users\dchoi\Documents\File,ZIP,50 4B 03 04 14 00 06 00 08 00 00 00 21 00 24 EC...
File208,CB5E8DB8123B89323A4822992B5DDD34,B7D12CA8A56E690C38B3D2C82A3B52E138176B4F,C:\Forensics\Tools\MP1\malware_samples,ZIP,50 4B 03 04 14 00 06 00 08 00 00 00 21 00 E4 A7...
File208,CB5E8DB8123B89323A4822992B5DDD34,B7D12CA8A56E690C38B3D2C82A3B52E138176B4F,E:\Users\dchoi\Documents\File,ZIP,50 4B 03 04 14 00 06 00 08 00 00 00 21 00 E4 A7...
File210,D23DDB02ACD5A876E306962BD71F1631,43DB097D4DF5012DE9903C2DE395A68147071827,C:\Forensics\Tools\MP1\malware_samples,ZIP,50 4B 03 04 0A 00 00 00 08 00 00 00 21 00 FC 1F...
File210,D23DDB02ACD5A876E306962BD71F1631,43DB097D4DF5012DE9903C2DE395A68147071827,E:\Users\dchoi\Documents\File,ZIP,50 4B 03 04 0A 00 00 00 08 00 00 00 21 00 FC 1F...
File211,C70EC8C66F59ECD212B7D08A4357B5D5,50B27CDF5AB5E9B9CC52A102FAFAE2C112403A1E,C:\Forensics\Tools\MP1\malware_samples,ZIP,50 4B 03 04 14 00 06 00 08 00 00 00 21 00 3B F4...
File211,C70EC8C66F59ECD212B7D08A4357B5D5,50B27CDF5AB5E9B9CC52A102FAFAE2C112403A1E,E:\Users\dchoi\Documents\File,ZIP,50 4B 03 04 14 00 06 00 08 00 00 00 21 00 3B F4...
File002,E2142A946ECA0AC74DD03FA1D9C67BD2,199A95428A251A9FFDDFA209706016766B48087B,C:\Forensics\Tools\MP1\malware_samples,UTF8-TEXT,EF BB BF 3C 23 0A 2E 53 59 4E 4F 50 53 49 53 0A...
File002,E2142A946ECA0AC74DD03FA1D9C67BD2,199A95428A251A9FFDDFA209706016766B48087B,E:\Users\dchoi\Documents\File,UTF8-TEXT,EF BB BF 3C 23 0A 2E 53 59 4E 4F 50 53 49 53 0A...
File013,2D9A7072177DD37A9FBACBDAF12B8B35,53B44947BEAECE17DC8D6C48AD2C8E5799A5ECB7,C:\Forensics\Tools\MP1\malware_samples,UTF8-TEXT,EF BB BF 3C 23 0A 2E 53 59 4E 4F 50 53 49 53 0A...
File013,2D9A7072177DD37A9FBACBDAF12B8B35,53B44947BEAECE17DC8D6C48AD2C8E5799A5ECB7,E:\Users\dchoi\Documents\File,UTF8-TEXT,EF BB BF 3C 23 0A 2E 53 59 4E 4F 50 53 49 53 0A...
File039,8F179F9B48D6C13FA96E801C31C5120B,97A36BDA7A3707C371A61CA1BE5BABD819F22DFC,C:\Forensics\Tools\MP1\malware_samples,UTF8-TEXT,EF BB BF 3C 23 0A 2E 53 59 4E 4F 50 53 49 53 0A...
File039,8F179F9B48D6C13FA96E801C31C5120B,97A36BDA7A3707C371A61CA1BE5BABD819F22DFC,E:\Users\dchoi\Documents\File,UTF8-TEXT,EF BB BF 3C 23 0A 2E 53 59 4E 4F 50 53 49 53 0A...
File048,E117CF3498FA380B6C06DE68232EE65A,F6745CEE730E1665DB5932E0AB51D53A885A5EA8,C:\Forensics\Tools\MP1\malware_samples,UTF8-TEXT,EF BB BF 3C 23 0A 2E 53 59 4E 4F 50 53 49 53 0A...
File048,E117CF3498FA380B6C06DE68232EE65A,F6745CEE730E1665DB5932E0AB51D53A885A5EA8,E:\Users\dchoi\Documents\File,UTF8-TEXT,EF BB BF 3C 23 0A 2E 53 59 4E 4F 50 53 49 53 0A...
File049,428232826229B4484BD2A9DE0091B60E,1819BA9F99F764843716E04ED1D150FBE9EFA16D,C:\Forensics\Tools\MP1\malware_samples,UTF8-TEXT,EF BB BF 3C 23 0A 2E 53 59 4E 4F 50 53 49 53 0A...
File049,428232826229B4484BD2A9DE0091B60E,1819BA9F99F764843716E04ED1D150FBE9EFA16D,E:\Users\dchoi\Documents\File,UTF8-TEXT,EF BB BF 3C 23 0A 2E 53 59 4E 4F 50 53 49 53 0A...
File054,2C6444207E051DBB8F9F8CEB8F05BD06,7DF60F39ECE494A400B4AFB33484D4652CD16003,C:\Forensics\Tools\MP1\malware_samples,UTF8-TEXT,EF BB BF 3C 23 0A 2E 53 59 4E 4F 50 53 49 53 0A...
File054,2C6444207E051DBB8F9F8CEB8F05BD06,7DF60F39ECE494A400B4AFB33484D4652CD16003,E:\Users\dchoi\Documents\File,UTF8-TEXT,EF BB BF 3C 23 0A 2E 53 59 4E 4F 50 53 49 53 0A...
File057,7E40596C2D0399B64CC871FF4158AE57,F440D75B7B3C54939699EDB42C48FED43ED131B1,C:\Forensics\Tools\MP1\malware_samples,UTF8-TEXT,EF BB BF 3C 23 0A 2E 53 59 4E 4F 50 53 49 53 0A...
File057,7E40596C2D0399B64CC871FF4158AE57,F440D75B7B3C54939699EDB42C48FED43ED131B1,E:\Users\dchoi\Documents\File,UTF8-TEXT,EF BB BF 3C 23 0A 2E 53 59 4E 4F 50 53 49 53 0A...
File077,F5FA09DACE753BEBBA5B6075F127DC26,6B628DFE25ADC892B188FBF79DD627B55F0474CD,C:\Forensics\Tools\MP1\malware_samples,UTF8-TEXT,EF BB BF 3C 23 0A 2E 53 59 4E 4F 50 53 49 53 0A...
File077,F5FA09DACE753BEBBA5B6075F127DC26,6B628DFE25ADC892B188FBF79DD627B55F0474CD,E:\Users\dchoi\Documents\File,UTF8-TEXT,EF BB BF 3C 23 0A 2E 53 59 4E 4F 50 53 49 53 0A...
File119,FDEA5AE8A8EDE952BC58BDB26B47D57A,8960EF02E567DF940EBD6BD1F46C06A3565FBCF9,C:\Forensics\Tools\MP1\malware_samples,UTF8-TEXT,EF BB BF 3C 23 0A 2E 53 59 4E 4F 50 53 49 53 0A...
File119,FDEA5AE8A8EDE952BC58BDB26B47D57A,8960EF02E567DF940EBD6BD1F46C06A3565FBCF9,E:\Users\dchoi\Documents\File,UTF8-TEXT,EF BB BF 3C 23 0A 2E 53 59 4E 4F 50 53 49 53 0A...
File120,0F3EE7C9EB9340AE44A93BFCD27523BA,6D9E489B5B0F096484935299DB389AA2FC42332C,C:\Forensics\Tools\MP1\malware_samples,UTF8-TEXT,EF BB BF 3C 23 0A 2E 53 59 4E 4F 50 53 49 53 0A...
File120,0F3EE7C9EB9340AE44A93BFCD27523BA,6D9E489B5B0F096484935299DB389AA2FC42332C,E:\Users\dchoi\Documents\File,UTF8-TEXT,EF BB BF 3C 23 0A 2E 53 59 4E 4F 50 53 49 53 0A...
File158,5EBA08D45ABBD9FDBF82CC748A2B9774,1E768D7F6C7229C0DB5E17F636F203EE2E084F72,C:\Forensics\Tools\MP1\malware_samples,UTF8-TEXT,EF BB BF 3C 23 0A 2E 53 59 4E 4F 50 53 49 53 0A...
File158,5EBA08D45ABBD9FDBF82CC748A2B9774,1E768D7F6C7229C0DB5E17F636F203EE2E084F72,E:\Users\dchoi\Documents\File,UTF8-TEXT,EF BB BF 3C 23 0A 2E 53 59 4E 4F 50 53 49 53 0A...
File165,1D786070021811CE3D962A420D868155,6E09B863E9D2F5D7BDFF1E2B2BD4E4AFEF7876DC,C:\Forensics\Tools\MP1\malware_samples,UTF8-TEXT,EF BB BF 3C 23 0D 0A 2E 53 59 4E 4F 50 53 49 53...
File165,1D786070021811CE3D962A420D868155,6E09B863E9D2F5D7BDFF1E2B2BD4E4AFEF7876DC,E:\Users\dchoi\Documents\File,UTF8-TEXT,EF BB BF 3C 23 0D 0A 2E 53 59 4E 4F 50 53 49 53...
File169,D44A541590B9D5973136D0E595DA9AE2,35C5BF4C4B20FF967DC35D6DD1ED79037F3189B8,C:\Forensics\Tools\MP1\malware_samples,UTF8-TEXT,EF BB BF 3C 23 0A 2E 53 59 4E 4F 50 53 49 53 0A...
File169,D44A541590B9D5973136D0E595DA9AE2,35C5BF4C4B20FF967DC35D6DD1ED79037F3189B8,E:\Users\dchoi\Documents\File,UTF8-TEXT,EF BB BF 3C 23 0A 2E 53 59 4E 4F 50 53 49 53 0A...
File175,EC7522BC9873D8FB52D2DBA4F19161EA,989AE95E6645C4F35A6326C1E69973954B2D75C8,C:\Forensics\Tools\MP1\malware_samples,UTF8-TEXT,EF BB BF 3C 23 0A 2E 53 59 4E 4F 50 53 49 53 0A...
File175,EC7522BC9873D8FB52D2DBA4F19161EA,989AE95E6645C4F35A6326C1E69973954B2D75C8,E:\Users\dchoi\Documents\File,UTF8-TEXT,EF BB BF 3C 23 0A 2E 53 59 4E 4F 50 53 49 53 0A...
File178,955DDEFC4F016045FB167016E499DD15,ECF760F19D07C912466DB0F04B5BEBB91CB07A22,C:\Forensics\Tools\MP1\malware_samples,UTF8-TEXT,EF BB BF 3C 23 0A 2E 53 59 4E 4F 50 53 49 53 0A...
File178,955DDEFC4F016045FB167016E499DD15,ECF760F19D07C912466DB0F04B5BEBB91CB07A22,E:\Users\dchoi\Documents\File,UTF8-TEXT,EF BB BF 3C 23 0A 2E 53 59 4E 4F 50 53 49 53 0A...
File203,80D158A5FCE462FB2D54C71ADC8E0DA6,F0957D0EC699D079D4AD5ADC73525925CE7FF829,C:\Forensics\Tools\MP1\malware_samples,UTF8-TEXT,EF BB BF 3C 23 0A 2E 53 59 4E 4F 50 53 49 53 0A...
File203,80D158A5FCE462FB2D54C71ADC8E0DA6,F0957D0EC699D079D4AD5ADC73525925CE7FF829,E:\Users\dchoi\Documents\File,UTF8-TEXT,EF BB BF 3C 23 0A 2E 53 59 4E 4F 50 53 49 53 0A...
File204,D601A536054ABE2A84612A08B5B749F5,902F98265EB67FCD8D7DA5EB0B8198071D887C85,C:\Forensics\Tools\MP1\malware_samples,UTF8-TEXT,EF BB BF 3C 23 0A 2E 53 59 4E 4F 50 53 49 53 0A...
File204,D601A536054ABE2A84612A08B5B749F5,902F98265EB67FCD8D7DA5EB0B8198071D887C85,E:\Users\dchoi\Documents\File,UTF8-TEXT,EF BB BF 3C 23 0A 2E 53 59 4E 4F 50 53 49 53 0A...
File215,EBC84C0BAE4A06D2DB24C264D52DBB1F,D9C43A3C4DF555360BF5E0EACE9D2C04A5DF74FD,C:\Forensics\Tools\MP1\malware_samples,UTF8-TEXT,EF BB BF 3C 23 0A 2E 53 59 4E 4F 50 53 49 53 0A...
File215,EBC84C0BAE4A06D2DB24C264D52DBB1F,D9C43A3C4DF555360BF5E0EACE9D2C04A5DF74FD,E:\Users\dchoi\Documents\File,UTF8-TEXT,EF BB BF 3C 23 0A 2E 53 59 4E 4F 50 53 49 53 0A...
File216,825341F997632FF776E477883FE6493C,E9BFE5EA0889AF5ED63D66A63B7B5B0861212EBB,C:\Forensics\Tools\MP1\malware_samples,UTF8-TEXT,EF BB BF 3C 23 0A 2E 53 59 4E 4F 50 53 49 53 0A...
File216,825341F997632FF776E477883FE6493C,E9BFE5EA0889AF5ED63D66A63B7B5B0861212EBB,E:\Users\dchoi\Documents\File,UTF8-TEXT,EF BB BF 3C 23 0A 2E 53 59 4E 4F 50 53 49 53 0A...
File004,6D30132C09D8E7FEB13CD0FC951B8C67,A2E190B5A8609EB9F75095806F73D00ADD3E20E7,C:\Forensics\Tools\MP1\malware_samples,BATCH,40 65 63 68 6F 20 6F 66 66 0D 0A 73 65 74 20 2F...
File004,6D30132C09D8E7FEB13CD0FC951B8C67,A2E190B5A8609EB9F75095806F73D00ADD3E20E7,E:\Users\dchoi\Documents\File,BATCH,40 65 63 68 6F 20 6F 66 66 0D 0A 73 65 74 20 2F...
File015,E4507F2EC05EB69D935540E5B4D7EC5E,6079A4FC71DF42383ADA4142DFFD97BE27C483EA,C:\Forensics\Tools\MP1\malware_samples,BATCH,40 65 63 68 6F 20 6F 66 66 0D 0A 73 65 74 20 2F...
File015,E4507F2EC05EB69D935540E5B4D7EC5E,6079A4FC71DF42383ADA4142DFFD97BE27C483EA,E:\Users\dchoi\Documents\File,BATCH,40 65 63 68 6F 20 6F 66 66 0D 0A 73 65 74 20 2F...
File016,E71BB959C29C164E77AE88BCA85852D2,F29968C8621EC698F98F555172A0B0A2FADBCB53,C:\Forensics\Tools\MP1\malware_samples,BATCH,40 65 63 68 6F 20 6F 66 66 0D 0A 73 65 74 20 2F...
File016,E71BB959C29C164E77AE88BCA85852D2,F29968C8621EC698F98F555172A0B0A2FADBCB53,E:\Users\dchoi\Documents\File,BATCH,40 65 63 68 6F 20 6F 66 66 0D 0A 73 65 74 20 2F...
File028,3D809CDA8A3B43C52A692D24E21AF70B,0B4C9A6830F3D0B511FBB5AF8CC492BDE2715F4D,C:\Forensics\Tools\MP1\malware_samples,BATCH,40 65 63 68 6F 20 6F 66 66 0D 0A 73 65 74 20 2F...
File028,3D809CDA8A3B43C52A692D24E21AF70B,0B4C9A6830F3D0B511FBB5AF8CC492BDE2715F4D,E:\Users\dchoi\Documents\File,BATCH,40 65 63 68 6F 20 6F 66 66 0D 0A 73 65 74 20 2F...
File029,67571555F67B3A0B1CFB5B7EFB8FA446,62C8A155D9A89B9442A85588BAC0138B226500F2,C:\Forensics\Tools\MP1\malware_samples,BATCH,40 65 63 68 6F 20 6F 66 66 0D 0A 66 6F 72 20 2F...
File029,67571555F67B3A0B1CFB5B7EFB8FA446,62C8A155D9A89B9442A85588BAC0138B226500F2,E:\Users\dchoi\Documents\File,BATCH,40 65 63 68 6F 20 6F 66 66 0D 0A 66 6F 72 20 2F...
File034,98C35C46893F75F22975E6C1AB6131E0,F255DAC4E27BB6793A05F093452B3C411A076F07,C:\Forensics\Tools\MP1\malware_samples,BATCH,40 65 63 68 6F 20 6F 66 66 0D 0A 73 65 74 20 2F...
File034,98C35C46893F75F22975E6C1AB6131E0,F255DAC4E27BB6793A05F093452B3C411A076F07,E:\Users\dchoi\Documents\File,BATCH,40 65 63 68 6F 20 6F 66 66 0D 0A 73 65 74 20 2F...
File040,9ED8F42CCBA544D90543E5F82E255FAC,B8C466614BB3EC0E42D6C56C601DDA2B44FC7107,C:\Forensics\Tools\MP1\malware_samples,BATCH,40 65 63 68 6F 20 6F 66 66 0D 0A 73 65 74 20 69...
File040,9ED8F42CCBA544D90543E5F82E255FAC,B8C466614BB3EC0E42D6C56C601DDA2B44FC7107,E:\Users\dchoi\Documents\File,BATCH,40 65 63 68 6F 20 6F 66 66 0D 0A 73 65 74 20 69...
File044,58E6CF4D000A0330E09C022CF94F9BE7,8318FD3C54C48DB49737ABADAB240AFB2C7FA7E3,C:\Forensics\Tools\MP1\malware_samples,BATCH,40 65 63 68 6F 20 6F 66 66 0D 0A 73 65 74 6C 6F...
File044,58E6CF4D000A0330E09C022CF94F9BE7,8318FD3C54C48DB49737ABADAB240AFB2C7FA7E3,E:\Users\dchoi\Documents\File,BATCH,40 65 63 68 6F 20 6F 66 66 0D 0A 73 65 74 6C 6F...
File050,C9EE034BBC5F70CC0246BDE27C1BE76F,600CC227EE8D10820ED06A214B58EA151C213371,C:\Forensics\Tools\MP1\malware_samples,BATCH,40 65 63 68 6F 20 6F 66 66 0D 0A 73 65 74 20 2F...
File050,C9EE034BBC5F70CC0246BDE27C1BE76F,600CC227EE8D10820ED06A214B58EA151C213371,E:\Users\dchoi\Documents\File,BATCH,40 65 63 68 6F 20 6F 66 66 0D 0A 73 65 74 20 2F...
File061,0A9BBAA0E74A6E389C73C1A18D9897AC,C4B960D9A12C103DCF41B68EEDC34C1FB59E1C37,C:\Forensics\Tools\MP1\malware_samples,BATCH,40 65 63 68 6F 20 6F 66 66 0D 0A 73 65 74 20 2F...
File061,0A9BBAA0E74A6E389C73C1A18D9897AC,C4B960D9A12C103DCF41B68EEDC34C1FB59E1C37,E:\Users\dchoi\Documents\File,BATCH,40 65 63 68 6F 20 6F 66 66 0D 0A 73 65 74 20 2F...
File082,559DD7A83D0D7688E334978E75D45BEB,9FA22C8CB4EE7C89F6787DC7C131758BF524E13F,C:\Forensics\Tools\MP1\malware_samples,BATCH,40 65 63 68 6F 20 6F 66 66 0D 0A 73 65 74 20 70...
File082,559DD7A83D0D7688E334978E75D45BEB,9FA22C8CB4EE7C89F6787DC7C131758BF524E13F,E:\Users\dchoi\Documents\File,BATCH,40 65 63 68 6F 20 6F 66 66 0D 0A 73 65 74 20 70...
File083,D324FF068AD2EE0CE710CFE951697116,5355854158F0F85378E0E61A6176F12E805AF563,C:\Forensics\Tools\MP1\malware_samples,BATCH,40 65 63 68 6F 20 6F 66 66 0D 0A 73 65 74 20 2F...
File083,D324FF068AD2EE0CE710CFE951697116,5355854158F0F85378E0E61A6176F12E805AF563,E:\Users\dchoi\Documents\File,BATCH,40 65 63 68 6F 20 6F 66 66 0D 0A 73 65 74 20 2F...
File088,822123F73BA273C1A622F5D5CF32633B,3E089D46050C8B97E53A7892FF27FCE5577062E9,C:\Forensics\Tools\MP1\malware_samples,BATCH,40 65 63 68 6F 20 6F 66 66 0D 0A 66 6F 72 20 2F...
File088,822123F73BA273C1A622F5D5CF32633B,3E089D46050C8B97E53A7892FF27FCE5577062E9,E:\Users\dchoi\Documents\File,BATCH,40 65 63 68 6F 20 6F 66 66 0D 0A 66 6F 72 20 2F...
File112,C75DBB43150FD2CE4732C77EF9997DEF,82C0591EF8737C0E3A74A0B98E4BA4F9996F1189,C:\Forensics\Tools\MP1\malware_samples,BATCH,40 65 63 68 6F 20 6F 66 66 0D 0A 65 63 68 6F 20...
File112,C75DBB43150FD2CE4732C77EF9997DEF,82C0591EF8737C0E3A74A0B98E4BA4F9996F1189,E:\Users\dchoi\Documents\File,BATCH,40 65 63 68 6F 20 6F 66 66 0D 0A 65 63 68 6F 20...
File128,C79E9121E51D9373A410B53AE8A3D964,52BF71C606AB98D918CDA1FAE17ECBDAF58FE34D,C:\Forensics\Tools\MP1\malware_samples,BATCH,40 65 63 68 6F 20 6F 66 66 0D 0A 73 65 74 20 2F...
File128,C79E9121E51D9373A410B53AE8A3D964,52BF71C606AB98D918CDA1FAE17ECBDAF58FE34D,E:\Users\dchoi\Documents\File,BATCH,40 65 63 68 6F 20 6F 66 66 0D 0A 73 65 74 20 2F...
File139,0618EC59C2401E95BC66F5F48BB46BDC,DE10D7B09C2B49AE3B8BEDA9EE949F1CF084A519,C:\Forensics\Tools\MP1\malware_samples,BATCH,40 65 63 68 6F 20 6F 66 66 0D 0A 73 65 74 20 73...
File139,0618EC59C2401E95BC66F5F48BB46BDC,DE10D7B09C2B49AE3B8BEDA9EE949F1CF084A519,E:\Users\dchoi\Documents\File,BATCH,40 65 63 68 6F 20 6F 66 66 0D 0A 73 65 74 20 73...
File147,A4DA80722C9B88F6FD9261637AF70098,15D07A19E6CDFECA5BEC0472779A3A4258E759E2,C:\Forensics\Tools\MP1\malware_samples,BATCH,40 65 63 68 6F 20 6F 66 66 0D 0A 73 65 74 20 6D...
File147,A4DA80722C9B88F6FD9261637AF70098,15D07A19E6CDFECA5BEC0472779A3A4258E759E2,E:\Users\dchoi\Documents\File,BATCH,40 65 63 68 6F 20 6F 66 66 0D 0A 73 65 74 20 6D...
File174,A8DFC4D3598873FF3FD86E28BE66108F,474981497504AC58781039C01B9D3B32B18ED191,C:\Forensics\Tools\MP1\malware_samples,BATCH,40 65 63 68 6F 20 6F 66 66 0D 0A 73 65 74 20 2F...
File174,A8DFC4D3598873FF3FD86E28BE66108F,474981497504AC58781039C01B9D3B32B18ED191,E:\Users\dchoi\Documents\File,BATCH,40 65 63 68 6F 20 6F 66 66 0D 0A 73 65 74 20 2F...
File212,4A08C4BD4D73B050F07C51D9D7192E57,DF37AE666A00D846792533782A95B28B66D1320A,C:\Forensics\Tools\MP1\malware_samples,BATCH,40 65 63 68 6F 20 6F 66 66 0D 0A 73 65 74 20 61...
File212,4A08C4BD4D73B050F07C51D9D7192E57,DF37AE666A00D846792533782A95B28B66D1320A,E:\Users\dchoi\Documents\File,BATCH,40 65 63 68 6F 20 6F 66 66 0D 0A 73 65 74 20 61...
File220,DB631805541E0958FD9E6E3616A42C98,28B9D9F7B21CA28BF2B7E01F1DA1F5A2080FE674,C:\Forensics\Tools\MP1\malware_samples,BATCH,40 65 63 68 6F 20 6F 66 66 0D 0A 73 65 74 20 77...
File220,DB631805541E0958FD9E6E3616A42C98,28B9D9F7B21CA28BF2B7E01F1DA1F5A2080FE674,E:\Users\dchoi\Documents\File,BATCH,40 65 63 68 6F 20 6F 66 66 0D 0A 73 65 74 20 77...
File023,9C301375EFA5C4613B55B7AE9178D837,3C43B63251ACB488C47854A2752328525FCB7259,C:\Forensics\Tools\MP1\malware_samples,ID3,49 44 33 00 01 01 00 00 00 08 00 10 00 FF FF 08...
File023,9C301375EFA5C4613B55B7AE9178D837,3C43B63251ACB488C47854A2752328525FCB7259,E:\Users\dchoi\Documents\File,ID3,49 44 33 00 01 01 00 00 00 08 00 10 00 FF FF 08...
File063,2B2CF30E60C4C5C6A7BFAF7F05F559B3,82CF0D9D4F3EA20C6E2F8F55C883865D5F77B5AE,C:\Forensics\Tools\MP1\malware_samples,ID3,49 44 33 31 2E 34 0D 25 80 84 88 8C 90 94 98 9C...
File063,2B2CF30E60C4C5C6A7BFAF7F05F559B3,82CF0D9D4F3EA20C6E2F8F55C883865D5F77B5AE,E:\Users\dchoi\Documents\File,ID3,49 44 33 31 2E 34 0D 25 80 84 88 8C 90 94 98 9C...
File102,63ACFBBA8E6E6DFBA235018DEAAD7AB6,6BB6CC99155A64D8A0210FFEB2D455C4F67B32FA,C:\Forensics\Tools\MP1\malware_samples,RIFF,52 49 46 46 57 41 56 45 2D 31 2E 36 0D 25 E2 E3...
File102,63ACFBBA8E6E6DFBA235018DEAAD7AB6,6BB6CC99155A64D8A0210FFEB2D455C4F67B32FA,E:\Users\dchoi\Documents\File,RIFF,52 49 46 46 57 41 56 45 2D 31 2E 36 0D 25 E2 E3...
File109,A8DB5B9FF83EBE7E87A3971576158977,3ECE35DF69D47B45CF2F3D6CF825DEF15AF9F531,C:\Forensics\Tools\MP1\malware_samples,RIFF,52 49 46 46 57 41 56 45 2D 31 2E 33 0A 25 E2 E3...
File109,A8DB5B9FF83EBE7E87A3971576158977,3ECE35DF69D47B45CF2F3D6CF825DEF15AF9F531,E:\Users\dchoi\Documents\File,RIFF,52 49 46 46 57 41 56 45 2D 31 2E 33 0A 25 E2 E3...
File079,B6167A060CE70BCC90DE22E27A3FBB07,875417A1F75BD6B215B49DF4AC0DAF19697F412A,C:\Forensics\Tools\MP1\malware_samples,CUSTOM-NULLPAD,FF FB 90 00 03 00 00 00 04 00 00 00 FF FF 00 00...
File079,B6167A060CE70BCC90DE22E27A3FBB07,875417A1F75BD6B215B49DF4AC0DAF19697F412A,E:\Users\dchoi\Documents\File,CUSTOM-NULLPAD,FF FB 90 00 03 00 00 00 04 00 00 00 FF FF 00 00...
File148,EF063D467563865AA7A97B4DAE9924CE,C87AF5EEE0CFAF88C5176D1BA7591BEE24A32673,C:\Forensics\Tools\MP1\malware_samples,CUSTOM-NULLPAD,FF FB 90 00 03 00 00 00 04 00 00 00 FF FF 00 00...
File148,EF063D467563865AA7A97B4DAE9924CE,C87AF5EEE0CFAF88C5176D1BA7591BEE24A32673,E:\Users\dchoi\Documents\File,CUSTOM-NULLPAD,FF FB 90 00 03 00 00 00 04 00 00 00 FF FF 00 00...
File192,EB0293AA9D3CD061798D7FE931DC5FA6,78642C9626AC9CA7E1812F397923B81A0ADFABF2,C:\Forensics\Tools\MP1\malware_samples,CUSTOM-NULLPAD,90 00 03 00 00 00 04 00 00 00 FF FF 00 00 B8 00...
File192,EB0293AA9D3CD061798D7FE931DC5FA6,78642C9626AC9CA7E1812F397923B81A0ADFABF2,E:\Users\dchoi\Documents\File,CUSTOM-NULLPAD,90 00 03 00 00 00 04 00 00 00 FF FF 00 00 B8 00...
File003,821094B7F221D9B915BBC55BC9530A1C,2368CDB34D96A5C5C38884ED8D125CA9832107FD,C:\Forensics\Tools\MP1\malware_samples,CUSTOM-ASCIIDOM,43 6F 70 79 72 69 67 68 74 20 28 63 29 20 5B 79...
File003,821094B7F221D9B915BBC55BC9530A1C,2368CDB34D96A5C5C38884ED8D125CA9832107FD,E:\Users\dchoi\Documents\File,CUSTOM-ASCIIDOM,43 6F 70 79 72 69 67 68 74 20 28 63 29 20 5B 79...
File021,81936E46314E4A094681AA5A17EB0ED8,231B5648B1BC13C805553B5D644650F9D17422BD,C:\Forensics\Tools\MP1\malware_samples,CUSTOM-ASCIIDOM,20 20 20 20 20 20 20 20 20 20 20 20 20 20 20 20...
File021,81936E46314E4A094681AA5A17EB0ED8,231B5648B1BC13C805553B5D644650F9D17422BD,E:\Users\dchoi\Documents\File,CUSTOM-ASCIIDOM,20 20 20 20 20 20 20 20 20 20 20 20 20 20 20 20...
File026,4E5EC44FE5564450F9C1061AD18AEB38,DC447A64136642636D7AA32E50C76E2465801C5F,C:\Forensics\Tools\MP1\malware_samples,CUSTOM-ASCIIDOM,20 20 20 20 20 20 20 20 20 20 20 20 20 20 20 20...
File026,4E5EC44FE5564450F9C1061AD18AEB38,DC447A64136642636D7AA32E50C76E2465801C5F,E:\Users\dchoi\Documents\File,CUSTOM-ASCIIDOM,20 20 20 20 20 20 20 20 20 20 20 20 20 20 20 20...
File064,CA807E6CE43369833704D96678D19667,F53F88263EB2968F54C43BF34A4905D1C30EE469,C:\Forensics\Tools\MP1\malware_samples,CUSTOM-ASCIIDOM,5B 4C 6F 63 61 6C 69 7A 65 64 46 69 6C 65 4E 61...
File064,CA807E6CE43369833704D96678D19667,F53F88263EB2968F54C43BF34A4905D1C30EE469,E:\Users\dchoi\Documents\File,CUSTOM-ASCIIDOM,5B 4C 6F 63 61 6C 69 7A 65 64 46 69 6C 65 4E 61...
File086,6130CC3A7797BD20785DB9A1E38246BC,C60B117808FC4E70DA2FBC77F3A66DA0FF9D655C,C:\Forensics\Tools\MP1\malware_samples,CUSTOM-ASCIIDOM,42 53 44 20 5A 65 72 6F 20 43 6C 61 75 73 65 20...
File086,6130CC3A7797BD20785DB9A1E38246BC,C60B117808FC4E70DA2FBC77F3A66DA0FF9D655C,E:\Users\dchoi\Documents\File,CUSTOM-ASCIIDOM,42 53 44 20 5A 65 72 6F 20 43 6C 61 75 73 65 20...
File091,00CF085BFE51C5DE71FF776AC8257E34,5B487A6CD44E96DB251408822B2F08C833F77152,C:\Forensics\Tools\MP1\malware_samples,CUSTOM-ASCIIDOM,20 20 20 20 20 20 20 20 20 20 20 20 44 4F 20 57...
File091,00CF085BFE51C5DE71FF776AC8257E34,5B487A6CD44E96DB251408822B2F08C833F77152,E:\Users\dchoi\Documents\File,CUSTOM-ASCIIDOM,20 20 20 20 20 20 20 20 20 20 20 20 44 4F 20 57...
File099,492B46063A1FA97A738DA1A411AAD4D1,A85E740B01159F63BF255C5FEAA89EEB7A917766,C:\Forensics\Tools\MP1\malware_samples,CUSTOM-ASCIIDOM,0A 22 31 2E 20 49 6E 73 74 61 6C 6C 20 61 6E 64...
File099,492B46063A1FA97A738DA1A411AAD4D1,A85E740B01159F63BF255C5FEAA89EEB7A917766,E:\Users\dchoi\Documents\File,CUSTOM-ASCIIDOM,0A 22 31 2E 20 49 6E 73 74 61 6C 6C 20 61 6E 64...
File110,8B17D3C1A890583D649554E66DF1C9E6,8E542857954AFC39520828BCDD48BF58CD3F08EB,C:\Forensics\Tools\MP1\malware_samples,CUSTOM-ASCIIDOM,4D 69 63 72 6F 73 6F 66 74 20 50 75 62 6C 69 63...
File110,8B17D3C1A890583D649554E66DF1C9E6,8E542857954AFC39520828BCDD48BF58CD3F08EB,E:\Users\dchoi\Documents\File,CUSTOM-ASCIIDOM,4D 69 63 72 6F 73 6F 66 74 20 50 75 62 6C 69 63...
File137,81543B22C36F10D20AC9712F8D80EF8D,892B34F7865D90A6F949F50D95E49625A10BC7F0,C:\Forensics\Tools\MP1\malware_samples,CUSTOM-ASCIIDOM,42 6F 6F 73 74 20 53 6F 66 74 77 61 72 65 20 4C...
File137,81543B22C36F10D20AC9712F8D80EF8D,892B34F7865D90A6F949F50D95E49625A10BC7F0,E:\Users\dchoi\Documents\File,CUSTOM-ASCIIDOM,42 6F 6F 73 74 20 53 6F 66 74 77 61 72 65 20 4C...
File157,362889C21E1A9F7404C13205EA1B9FDE,5C86FC5E9473205EBA78AD2F46718D01C588B502,C:\Forensics\Tools\MP1\malware_samples,CUSTOM-ASCIIDOM,41 63 61 64 65 6D 69 63 20 46 72 65 65 20 4C 69...
File157,362889C21E1A9F7404C13205EA1B9FDE,5C86FC5E9473205EBA78AD2F46718D01C588B502,E:\Users\dchoi\Documents\File,CUSTOM-ASCIIDOM,41 63 61 64 65 6D 69 63 20 46 72 65 65 20 4C 69...
File167,DFB1B490080D1AAE0067E35550910C4D,D88C7C5224C1139118602158AD1D0217210780B0,C:\Forensics\Tools\MP1\malware_samples,CUSTOM-ASCIIDOM,54 68 69 73 20 69 73 20 66 72 65 65 20 61 6E 64...
File167,DFB1B490080D1AAE0067E35550910C4D,D88C7C5224C1139118602158AD1D0217210780B0,E:\Users\dchoi\Documents\File,CUSTOM-ASCIIDOM,54 68 69 73 20 69 73 20 66 72 65 65 20 61 6E 64...
File168,CC46E3E9EF97CBDC56318EE7FF23D73E,288F748F941F87169209EB1A058034C9A83E9B48,C:\Forensics\Tools\MP1\malware_samples,CUSTOM-ASCIIDOM,20 20 20 20 20 20 20 20 20 20 20 20 20 20 20 20...
File168,CC46E3E9EF97CBDC56318EE7FF23D73E,288F748F941F87169209EB1A058034C9A83E9B48,E:\Users\dchoi\Documents\File,CUSTOM-ASCIIDOM,20 20 20 20 20 20 20 20 20 20 20 20 20 20 20 20...
File172,E322949AF834AF9A143A29625E33A4E4,018BAEBF31F8635703AA99D8E66EE097760A46F8,C:\Forensics\Tools\MP1\malware_samples,CUSTOM-ASCIIDOM,4D 6F 7A 69 6C 6C 61 20 50 75 62 6C 69 63 20 4C...
File172,E322949AF834AF9A143A29625E33A4E4,018BAEBF31F8635703AA99D8E66EE097760A46F8,E:\Users\dchoi\Documents\File,CUSTOM-ASCIIDOM,4D 6F 7A 69 6C 6C 61 20 50 75 62 6C 69 63 20 4C...
File188,CE1742175FF199F4D207AC4EDC013419,C7324E8CCA9B6AC3A39E2BAAA564D52E13966A9F,C:\Forensics\Tools\MP1\malware_samples,CUSTOM-ASCIIDOM,4F 70 65 6E 20 53 6F 66 74 77 61 72 65 20 4C 69...
File188,CE1742175FF199F4D207AC4EDC013419,C7324E8CCA9B6AC3A39E2BAAA564D52E13966A9F,E:\Users\dchoi\Documents\File,CUSTOM-ASCIIDOM,4F 70 65 6E 20 53 6F 66 74 77 61 72 65 20 4C 69...
File217,F1E7F2EC19D0FD37D892E992A71FCBD6,5AA2BDA8638878126E463B0F935A50D693BDBCEE,C:\Forensics\Tools\MP1\malware_samples,CUSTOM-ASCIIDOM,20 20 20 20 20 20 20 20 20 20 20 20 20 20 20 20...
File217,F1E7F2EC19D0FD37D892E992A71FCBD6,5AA2BDA8638878126E463B0F935A50D693BDBCEE,E:\Users\dchoi\Documents\File,CUSTOM-ASCIIDOM,20 20 20 20 20 20 20 20 20 20 20 20 20 20 20 20...
File020,2452330B9F8F2C566F6B7C54D53C711A,2FB25F4805F11D6F21F0D0B06F247EBAB6799D59,C:\Forensics\Tools\MP1\malware_samples,CUSTOM-UNKNOWN-BIN,41 00 74 00 74 00 72 00 69 00 62 00 75 00 74 00...
File020,2452330B9F8F2C566F6B7C54D53C711A,2FB25F4805F11D6F21F0D0B06F247EBAB6799D59,E:\Users\dchoi\Documents\File,CUSTOM-UNKNOWN-BIN,41 00 74 00 74 00 72 00 69 00 62 00 75 00 74 00...
File033,8F037AF809F60B33D6325BE04E7E2747,A94507BB7A4C6B0EE11B752D8B385D215CE34473,C:\Forensics\Tools\MP1\malware_samples,CUSTOM-UNKNOWN-BIN,43 44 30 30 14 00 06 00 08 00 00 00 21 00 AA F7...
File033,8F037AF809F60B33D6325BE04E7E2747,A94507BB7A4C6B0EE11B752D8B385D215CE34473,E:\Users\dchoi\Documents\File,CUSTOM-UNKNOWN-BIN,43 44 30 30 14 00 06 00 08 00 00 00 21 00 AA F7...
File038,EE65F859755A2A7AAE846761CCCAD234,9CAC09CF3F08CDFA6042D1BC8EF45CDBB1AD7F8E,C:\Forensics\Tools\MP1\malware_samples,CUSTOM-UNKNOWN-BIN,43 44 30 30 31 2E 36 0A 25 F6 E4 FC DF 0A 31 20...
File038,EE65F859755A2A7AAE846761CCCAD234,9CAC09CF3F08CDFA6042D1BC8EF45CDBB1AD7F8E,E:\Users\dchoi\Documents\File,CUSTOM-UNKNOWN-BIN,43 44 30 30 31 2E 36 0A 25 F6 E4 FC DF 0A 31 20...
File055,386812055DE7C60FD297046A661FFD76,7E5659B43870DFFC2BC7E1CEBAF5AAB028085D4F,C:\Forensics\Tools\MP1\malware_samples,CUSTOM-UNKNOWN-BIN,43 44 30 30 14 00 06 00 08 00 00 00 21 00 A9 90...
File055,386812055DE7C60FD297046A661FFD76,7E5659B43870DFFC2BC7E1CEBAF5AAB028085D4F,E:\Users\dchoi\Documents\File,CUSTOM-UNKNOWN-BIN,43 44 30 30 14 00 06 00 08 00 00 00 21 00 A9 90...
File058,18039DADE136470D4112C839CC043EFE,6CD50628E742766F69CE4DD62C8A351B4EEFC8C5,C:\Forensics\Tools\MP1\malware_samples,CUSTOM-UNKNOWN-BIN,20 00 20 00 20 00 20 00 20 00 20 00 20 00 20 00...
File058,18039DADE136470D4112C839CC043EFE,6CD50628E742766F69CE4DD62C8A351B4EEFC8C5,E:\Users\dchoi\Documents\File,CUSTOM-UNKNOWN-BIN,20 00 20 00 20 00 20 00 20 00 20 00 20 00 20 00...
File065,3BA7C71043AB870A87D59A781DEF60A5,BAEB7379A48DA8345479B809C9084EB419D38764,C:\Forensics\Tools\MP1\malware_samples,CUSTOM-UNKNOWN-BIN,49 53 43 20 4C 69 63 65 6E 73 65 0D 0A 0D 0A 43...
File065,3BA7C71043AB870A87D59A781DEF60A5,BAEB7379A48DA8345479B809C9084EB419D38764,E:\Users\dchoi\Documents\File,CUSTOM-UNKNOWN-BIN,49 53 43 20 4C 69 63 65 6E 73 65 0D 0A 0D 0A 43...
File097,D9B96769F85876192C5EFCFA556AB7F4,FE10FEDE7CC3507280BC6913686A0488224ABF47,C:\Forensics\Tools\MP1\malware_samples,CUSTOM-UNKNOWN-BIN,FF D9 FF E0 00 10 4A 46 49 46 00 01 01 00 00 01...
File097,D9B96769F85876192C5EFCFA556AB7F4,FE10FEDE7CC3507280BC6913686A0488224ABF47,E:\Users\dchoi\Documents\File,CUSTOM-UNKNOWN-BIN,FF D9 FF E0 00 10 4A 46 49 46 00 01 01 00 00 01...
File106,FE975F7601A2126BA0431D2E84CB71D8,9B6443C7C129555A34070863F8112406BEFEA355,C:\Forensics\Tools\MP1\malware_samples,CUSTOM-UNKNOWN-BIN,45 00 63 00 6C 00 69 00 70 00 73 00 65 00 20 00...
File106,FE975F7601A2126BA0431D2E84CB71D8,9B6443C7C129555A34070863F8112406BEFEA355,E:\Users\dchoi\Documents\File,CUSTOM-UNKNOWN-BIN,45 00 63 00 6C 00 69 00 70 00 73 00 65 00 20 00...
File136,31BBD83292460BDFB30A7BD9FF9AAF4B,369CC313E0FF83E79E030EB69673E2287386F3D8,C:\Forensics\Tools\MP1\malware_samples,CUSTOM-UNKNOWN-BIN,00 00 00 0D 49 48 44 52 00 00 03 88 00 00 04 EC...
File136,31BBD83292460BDFB30A7BD9FF9AAF4B,369CC313E0FF83E79E030EB69673E2287386F3D8,E:\Users\dchoi\Documents\File,CUSTOM-UNKNOWN-BIN,00 00 00 0D 49 48 44 52 00 00 03 88 00 00 04 EC...
File154,A1C1CCBA318F1630F5FFBDCA6CDD12B2,926B7D6B492C6F9C315CFBFBEC82A7BBCAD7D30B,C:\Forensics\Tools\MP1\malware_samples,CUSTOM-UNKNOWN-BIN,45 00 64 00 75 00 63 00 61 00 74 00 69 00 6F 00...
File154,A1C1CCBA318F1630F5FFBDCA6CDD12B2,926B7D6B492C6F9C315CFBFBEC82A7BBCAD7D30B,E:\Users\dchoi\Documents\File,CUSTOM-UNKNOWN-BIN,45 00 64 00 75 00 63 00 61 00 74 00 69 00 6F 00...
File179,130668ABB2367024E10447831C36F700,6B0E6307E68F873CC4C01E3C9D02B61269784B85,C:\Forensics\Tools\MP1\malware_samples,CUSTOM-UNKNOWN-BIN,09 09 20 20 20 20 20 20 20 54 68 65 20 41 72 74...
File179,130668ABB2367024E10447831C36F700,6B0E6307E68F873CC4C01E3C9D02B61269784B85,E:\Users\dchoi\Documents\File,CUSTOM-UNKNOWN-BIN,09 09 20 20 20 20 20 20 20 54 68 65 20 41 72 74...
File186,CD58B4860366A300CFB76A652D6E1DBF,1376127733D1BFB923DAFC1AA0D47DCD078CD97E,C:\Forensics\Tools\MP1\malware_samples,CUSTOM-UNKNOWN-BIN,4D 00 49 00 54 00 20 00 4C 00 69 00 63 00 65 00...
File186,CD58B4860366A300CFB76A652D6E1DBF,1376127733D1BFB923DAFC1AA0D47DCD078CD97E,E:\Users\dchoi\Documents\File,CUSTOM-UNKNOWN-BIN,4D 00 49 00 54 00 20 00 4C 00 69 00 63 00 65 00...
File195,8581F7C7288375F14B8F164C83EA0AC9,3E38C02CE6DF71A9ABA792E89EA20BEEB8032819,C:\Forensics\Tools\MP1\malware_samples,CUSTOM-UNKNOWN-BIN,43 44 30 30 14 00 06 00 08 00 00 00 21 00 71 4B...
File195,8581F7C7288375F14B8F164C83EA0AC9,3E38C02CE6DF71A9ABA792E89EA20BEEB8032819,E:\Users\dchoi\Documents\File,CUSTOM-UNKNOWN-BIN,43 44 30 30 14 00 06 00 08 00 00 00 21 00 71 4B...
File202,2497589C198A5C7D7C48F56BD5C2A083,F69B900367FA62E24947333FAD2E4D8094002990,C:\Forensics\Tools\MP1\malware_samples,CUSTOM-UNKNOWN-BIN,42 00 02 00 00 00 20 00 00 00 FF FF 05 00 00 01...
File202,2497589C198A5C7D7C48F56BD5C2A083,F69B900367FA62E24947333FAD2E4D8094002990,E:\Users\dchoi\Documents\File,CUSTOM-UNKNOWN-BIN,42 00 02 00 00 00 20 00 00 00 FF FF 05 00 00 01...
